{"classname":null,"name":null,"animation":{"classname":null,"name":"AnimationManager","actionlist":[]},"dataScale":1,"designHeight":480,"designWidth":320,"textures":[],"texturesPng":["gbt11.png","gbt12.png","gbt31.png","gbt32.png","gbt21.png","gbt22.png","gbt41.png","gbt42.png","mspass1.png","mspass2.png","gbt51.png","gbt52.png","background.png","gbt61.png","gbt62.png","return.png","confirm3.png","confirm4.png","favorBt1.png","missionA21.png","msbackground.png","cannotmove.png"],"version":"1.6.0.0","widgetTree":{"classname":"Panel","name":null,"children":[{"classname":"Button","name":null,"children":[],"options":{"__type":"ButtonSurrogate:#EditorCommon.JsonModel.Component.GUI","classname":"Button","name":"resetBt","ZOrder":2,"actiontag":48986392,"anchorPointX":0.5,"anchorPointY":0.5,"classType":"CocoStudio.EngineAdapterWrap.CSButton","colorB":255,"colorG":255,"colorR":255,"customProperty":"","flipX":false,"flipY":false,"height":39,"ignoreSize":true,"layoutParameter":null,"opacity":255,"positionPercentX":0.715625,"positionPercentY":0.875,"positionType":0,"rotation":0,"scaleX":1,"scaleY":1,"sizePercentX":0.1875,"sizePercentY":0.08125,"sizeType":0,"tag":140,"touchAble":true,"useMergedTexture":false,"visible":true,"width":60,"x":229,"y":420,"capInsetsHeight":1,"capInsetsWidth":1,"capInsetsX":0,"capInsetsY":0,"disabled":null,"disabledData":{"path":null,"plistFile":null,"resourceType":0},"fontName":"yihei.ttf","fontSize":14,"fontType":0,"normal":null,"normalData":{"path":"gbt11.png","plistFile":"","resourceType":0},"pressed":null,"pressedData":{"path":"gbt12.png","plistFile":"","resourceType":0},"scale9Enable":false,"scale9Height":39,"scale9Width":60,"text":"","textColorB":255,"textColorG":255,"textColorR":255}},{"classname":"Button","name":null,"children":[],"options":{"__type":"ButtonSurrogate:#EditorCommon.JsonModel.Component.GUI","classname":"Button","name":"add1Bt","ZOrder":2,"actiontag":60071975,"anchorPointX":0.5,"anchorPointY":0.5,"classType":"CocoStudio.EngineAdapterWrap.CSButton","colorB":255,"colorG":255,"colorR":255,"customProperty":"","flipX":false,"flipY":false,"height":39,"ignoreSize":true,"layoutParameter":null,"opacity":255,"positionPercentX":0.89375,"positionPercentY":0.875,"positionType":0,"rotation":0,"scaleX":1,"scaleY":1,"sizePercentX":0.1875,"sizePercentY":0.08125,"sizeType":0,"tag":142,"touchAble":true,"useMergedTexture":false,"visible":true,"width":60,"x":286,"y":420,"capInsetsHeight":1,"capInsetsWidth":1,"capInsetsX":0,"capInsetsY":0,"disabled":null,"disabledData":{"path":null,"plistFile":null,"resourceType":0},"fontName":"yihei.ttf","fontSize":14,"fontType":0,"normal":null,"normalData":{"path":"gbt31.png","plistFile":"","resourceType":0},"pressed":null,"pressedData":{"path":"gbt32.png","plistFile":"","resourceType":0},"scale9Enable":false,"scale9Height":39,"scale9Width":60,"text":"","textColorB":255,"textColorG":255,"textColorR":255}},{"classname":"Button","name":null,"children":[],"options":{"__type":"ButtonSurrogate:#EditorCommon.JsonModel.Component.GUI","classname":"Button","name":"undoBt","ZOrder":2,"actiontag":57579302,"anchorPointX":0.5,"anchorPointY":0.5,"classType":"CocoStudio.EngineAdapterWrap.CSButton","colorB":255,"colorG":255,"colorR":255,"customProperty":"","flipX":false,"flipY":false,"height":39,"ignoreSize":true,"layoutParameter":null,"opacity":255,"positionPercentX":0.715625,"positionPercentY":0.797916651,"positionType":0,"rotation":0,"scaleX":1,"scaleY":1,"sizePercentX":0.1875,"sizePercentY":0.08125,"sizeType":0,"tag":143,"touchAble":true,"useMergedTexture":false,"visible":true,"width":60,"x":229,"y":383,"capInsetsHeight":1,"capInsetsWidth":1,"capInsetsX":0,"capInsetsY":0,"disabled":null,"disabledData":{"path":null,"plistFile":null,"resourceType":0},"fontName":"yihei.ttf","fontSize":14,"fontType":0,"normal":null,"normalData":{"path":"gbt21.png","plistFile":"","resourceType":0},"pressed":null,"pressedData":{"path":"gbt22.png","plistFile":"","resourceType":0},"scale9Enable":false,"scale9Height":39,"scale9Width":60,"text":"","textColorB":255,"textColorG":255,"textColorR":255}},{"classname":"Button","name":null,"children":[],"options":{"__type":"ButtonSurrogate:#EditorCommon.JsonModel.Component.GUI","classname":"Button","name":"swapBt","ZOrder":2,"actiontag":57495481,"anchorPointX":0.5,"anchorPointY":0.5,"classType":"CocoStudio.EngineAdapterWrap.CSButton","colorB":255,"colorG":255,"colorR":255,"customProperty":"","flipX":false,"flipY":false,"height":39,"ignoreSize":true,"layoutParameter":null,"opacity":255,"positionPercentX":0.89375,"positionPercentY":0.797916651,"positionType":0,"rotation":0,"scaleX":1,"scaleY":1,"sizePercentX":0.1875,"sizePercentY":0.08125,"sizeType":0,"tag":144,"touchAble":true,"useMergedTexture":false,"visible":true,"width":60,"x":286,"y":383,"capInsetsHeight":1,"capInsetsWidth":1,"capInsetsX":0,"capInsetsY":0,"disabled":null,"disabledData":{"path":null,"plistFile":null,"resourceType":0},"fontName":"yihei.ttf","fontSize":14,"fontType":0,"normal":null,"normalData":{"path":"gbt41.png","plistFile":"","resourceType":0},"pressed":null,"pressedData":{"path":"gbt42.png","plistFile":"","resourceType":0},"scale9Enable":false,"scale9Height":39,"scale9Width":60,"text":"","textColorB":255,"textColorG":255,"textColorR":255}},{"classname":"Button","name":null,"children":[],"options":{"__type":"ButtonSurrogate:#EditorCommon.JsonModel.Component.GUI","classname":"Button","name":"passBt","ZOrder":4,"actiontag":16114829,"anchorPointX":0.5,"anchorPointY":0.5,"classType":"CocoStudio.EngineAdapterWrap.CSButton","colorB":255,"colorG":255,"colorR":255,"customProperty":"","flipX":false,"flipY":false,"height":35,"ignoreSize":true,"layoutParameter":null,"opacity":255,"positionPercentX":0.3125,"positionPercentY":0.8,"positionType":0,"rotation":0,"scaleX":1,"scaleY":1,"sizePercentX":0.575,"sizePercentY":0.0729166642,"sizeType":0,"tag":147,"touchAble":true,"useMergedTexture":false,"visible":true,"width":184,"x":100,"y":384,"capInsetsHeight":1,"capInsetsWidth":1,"capInsetsX":0,"capInsetsY":0,"disabled":null,"disabledData":{"path":null,"plistFile":null,"resourceType":0},"fontName":"yihei.ttf","fontSize":14,"fontType":0,"normal":null,"normalData":{"path":"mspass1.png","plistFile":"","resourceType":0},"pressed":null,"pressedData":{"path":"mspass2.png","plistFile":"","resourceType":0},"scale9Enable":false,"scale9Height":35,"scale9Width":184,"text":"","textColorB":255,"textColorG":255,"textColorR":255}},{"classname":"Button","name":null,"children":[],"options":{"__type":"ButtonSurrogate:#EditorCommon.JsonModel.Component.GUI","classname":"Button","name":"shareBt","ZOrder":2,"actiontag":33416266,"anchorPointX":0.5,"anchorPointY":0.5,"classType":"CocoStudio.EngineAdapterWrap.CSButton","colorB":255,"colorG":255,"colorR":255,"customProperty":"","flipX":false,"flipY":false,"height":39,"ignoreSize":true,"layoutParameter":null,"opacity":255,"positionPercentX":0.89375,"positionPercentY":0.952083349,"positionType":0,"rotation":0,"scaleX":1,"scaleY":1,"sizePercentX":0.1875,"sizePercentY":0.08125,"sizeType":0,"tag":146,"touchAble":true,"useMergedTexture":false,"visible":true,"width":60,"x":286,"y":457,"capInsetsHeight":1,"capInsetsWidth":1,"capInsetsX":0,"capInsetsY":0,"disabled":null,"disabledData":{"path":null,"plistFile":null,"resourceType":0},"fontName":"yihei.ttf","fontSize":14,"fontType":0,"normal":null,"normalData":{"path":"gbt51.png","plistFile":"","resourceType":0},"pressed":null,"pressedData":{"path":"gbt52.png","plistFile":"","resourceType":0},"scale9Enable":false,"scale9Height":39,"scale9Width":60,"text":"","textColorB":255,"textColorG":255,"textColorR":255}},{"classname":"ImageView","name":null,"children":[],"options":{"__type":"ImageViewSurrogate:#EditorCommon.JsonModel.Component.GUI","classname":"ImageView","name":"backgroundIm","ZOrder":0,"actiontag":2,"anchorPointX":0,"anchorPointY":0,"classType":"CocoStudio.EngineAdapterWrap.CSImageView","colorB":255,"colorG":255,"colorR":255,"customProperty":"","flipX":false,"flipY":false,"height":480,"ignoreSize":true,"layoutParameter":null,"opacity":255,"positionPercentX":0,"positionPercentY":0,"positionType":1,"rotation":0,"scaleX":1,"scaleY":1,"sizePercentX":1,"sizePercentY":1,"sizeType":0,"tag":24,"touchAble":false,"useMergedTexture":false,"visible":true,"width":320,"x":0,"y":0,"capInsetsHeight":1,"capInsetsWidth":1,"capInsetsX":0,"capInsetsY":0,"fileName":null,"fileNameData":{"path":"background.png","plistFile":"","resourceType":0},"scale9Enable":false,"scale9Height":480,"scale9Width":320}},{"classname":"Panel","name":null,"children":[],"options":{"__type":"PanelSurrogate:#EditorCommon.JsonModel.Component.GUI","classname":"Panel","name":"Panel","ZOrder":5,"actiontag":5,"anchorPointX":0,"anchorPointY":0,"classType":"CocoStudio.EngineAdapterWrap.CSPanel","colorB":255,"colorG":255,"colorR":255,"customProperty":"","flipX":false,"flipY":false,"height":0.01,"ignoreSize":false,"layoutParameter":null,"opacity":255,"positionPercentX":0.01875,"positionPercentY":0.108333334,"positionType":1,"rotation":0,"scaleX":1,"scaleY":1,"sizePercentX":3.12499978E-05,"sizePercentY":2.08333331E-05,"sizeType":1,"tag":14,"touchAble":false,"useMergedTexture":false,"visible":true,"width":0.01,"x":6,"y":52,"adaptScreen":false,"backGroundImage":null,"backGroundImageData":null,"backGroundScale9Enable":false,"bgColorB":255,"bgColorG":200,"bgColorOpacity":0,"bgColorR":150,"bgEndColorB":255,"bgEndColorG":200,"bgEndColorR":150,"bgStartColorB":255,"bgStartColorG":255,"bgStartColorR":255,"capInsetsHeight":1,"capInsetsWidth":1,"capInsetsX":0,"capInsetsY":0,"clipAble":false,"colorType":1,"layoutType":0,"vectorX":0,"vectorY":-0.5}},{"classname":"Button","name":null,"children":[],"options":{"__type":"ButtonSurrogate:#EditorCommon.JsonModel.Component.GUI","classname":"Button","name":"missionBt","ZOrder":2,"actiontag":32979301,"anchorPointX":0.5,"anchorPointY":0.5,"classType":"CocoStudio.EngineAdapterWrap.CSButton","colorB":255,"colorG":255,"colorR":255,"customProperty":"","flipX":false,"flipY":false,"height":39,"ignoreSize":true,"layoutParameter":null,"opacity":255,"positionPercentX":0.715625,"positionPercentY":0.952083349,"positionType":0,"rotation":0,"scaleX":1,"scaleY":1,"sizePercentX":0.1875,"sizePercentY":0.08125,"sizeType":0,"tag":33,"touchAble":true,"useMergedTexture":false,"visible":true,"width":60,"x":229,"y":457,"capInsetsHeight":1,"capInsetsWidth":1,"capInsetsX":0,"capInsetsY":0,"disabled":null,"disabledData":{"path":null,"plistFile":null,"resourceType":0},"fontName":"yihei.ttf","fontSize":14,"fontType":0,"normal":null,"normalData":{"path":"gbt61.png","plistFile":"","resourceType":0},"pressed":null,"pressedData":{"path":"gbt62.png","plistFile":"","resourceType":0},"scale9Enable":false,"scale9Height":39,"scale9Width":60,"text":"","textColorB":255,"textColorG":255,"textColorR":255}},{"classname":"Label","name":null,"children":[],"options":{"__type":"LabelSurrogate:#EditorCommon.JsonModel.Component.GUI","classname":"Label","name":"score1Lb","ZOrder":2,"actiontag":3,"anchorPointX":0,"anchorPointY":0.5,"classType":"CocoStudio.EngineAdapterWrap.CSLabel","colorB":0,"colorG":130,"colorR":200,"customProperty":"","flipX":false,"flipY":false,"height":16,"ignoreSize":true,"layoutParameter":null,"opacity":255,"positionPercentX":0.13125,"positionPercentY":0.8,"positionType":0,"rotation":0,"scaleX":1,"scaleY":0.9999999,"sizePercentX":0.05,"sizePercentY":0.0333333351,"sizeType":0,"tag":4,"touchAble":false,"useMergedTexture":false,"visible":true,"width":16,"x":42,"y":384,"areaHeight":0,"areaWidth":0,"fontFile":null,"fontName":"BAUHS93.TTF","fontSize":16,"hAlignment":0,"text":"55","touchScaleEnable":false,"vAlignment":0}},{"classname":"Label","name":null,"children":[],"options":{"__type":"LabelSurrogate:#EditorCommon.JsonModel.Component.GUI","classname":"Label","name":"score2Lb","ZOrder":2,"actiontag":6,"anchorPointX":0,"anchorPointY":0.5,"classType":"CocoStudio.EngineAdapterWrap.CSLabel","colorB":0,"colorG":130,"colorR":200,"customProperty":"","flipX":false,"flipY":false,"height":16,"ignoreSize":true,"layoutParameter":null,"opacity":255,"positionPercentX":0.13125,"positionPercentY":0.860416651,"positionType":0,"rotation":0,"scaleX":1,"scaleY":0.999999464,"sizePercentX":0.075,"sizePercentY":0.0333333351,"sizeType":0,"tag":16,"touchAble":false,"useMergedTexture":false,"visible":true,"width":24,"x":42,"y":413,"areaHeight":0,"areaWidth":0,"fontFile":null,"fontName":"BAUHS93.TTF","fontSize":16,"hAlignment":0,"text":"999","touchScaleEnable":false,"vAlignment":0}},{"classname":"Label","name":null,"children":[],"options":{"__type":"LabelSurrogate:#EditorCommon.JsonModel.Component.GUI","classname":"Label","name":"ctLb1","ZOrder":2,"actiontag":24551944,"anchorPointX":0,"anchorPointY":0.5,"classType":"CocoStudio.EngineAdapterWrap.CSLabel","colorB":0,"colorG":130,"colorR":200,"customProperty":"","flipX":false,"flipY":false,"height":16,"ignoreSize":true,"layoutParameter":null,"opacity":255,"positionPercentX":0.359375,"positionPercentY":0.795833349,"positionType":0,"rotation":0,"scaleX":1,"scaleY":0.9999999,"sizePercentX":0.05,"sizePercentY":0.0333333351,"sizeType":0,"tag":38,"touchAble":false,"useMergedTexture":false,"visible":true,"width":16,"x":115,"y":382,"areaHeight":0,"areaWidth":0,"fontFile":null,"fontName":"BAUHS93.TTF","fontSize":16,"hAlignment":0,"text":"99","touchScaleEnable":false,"vAlignment":0}},{"classname":"Label","name":null,"children":[],"options":{"__type":"LabelSurrogate:#EditorCommon.JsonModel.Component.GUI","classname":"Label","name":"ctLb2","ZOrder":2,"actiontag":42168245,"anchorPointX":0,"anchorPointY":0.5,"classType":"CocoStudio.EngineAdapterWrap.CSLabel","colorB":0,"colorG":130,"colorR":200,"customProperty":"","flipX":false,"flipY":false,"height":16,"ignoreSize":true,"layoutParameter":null,"opacity":255,"positionPercentX":0.521875,"positionPercentY":0.795833349,"positionType":0,"rotation":0,"scaleX":1,"scaleY":0.9999999,"sizePercentX":0.05,"sizePercentY":0.0333333351,"sizeType":0,"tag":40,"touchAble":false,"useMergedTexture":false,"visible":true,"width":16,"x":167,"y":382,"areaHeight":0,"areaWidth":0,"fontFile":null,"fontName":"BAUHS93.TTF","fontSize":16,"hAlignment":0,"text":"99","touchScaleEnable":false,"vAlignment":0}},{"classname":"Label","name":null,"children":[],"options":{"__type":"LabelSurrogate:#EditorCommon.JsonModel.Component.GUI","classname":"Label","name":"ctLb4","ZOrder":2,"actiontag":37832323,"anchorPointX":0,"anchorPointY":0.5,"classType":"CocoStudio.EngineAdapterWrap.CSLabel","colorB":0,"colorG":130,"colorR":200,"customProperty":"","flipX":false,"flipY":false,"height":16,"ignoreSize":true,"layoutParameter":null,"opacity":255,"positionPercentX":0.521875,"positionPercentY":0.860416651,"positionType":0,"rotation":0,"scaleX":1,"scaleY":0.9999999,"sizePercentX":0.05,"sizePercentY":0.0333333351,"sizeType":0,"tag":42,"touchAble":false,"useMergedTexture":false,"visible":true,"width":16,"x":167,"y":413,"areaHeight":0,"areaWidth":0,"fontFile":null,"fontName":"BAUHS93.TTF","fontSize":16,"hAlignment":0,"text":"99","touchScaleEnable":false,"vAlignment":0}},{"classname":"Label","name":null,"children":[],"options":{"__type":"LabelSurrogate:#EditorCommon.JsonModel.Component.GUI","classname":"Label","name":"ctLb3","ZOrder":2,"actiontag":47114087,"anchorPointX":0,"anchorPointY":0.5,"classType":"CocoStudio.EngineAdapterWrap.CSLabel","colorB":0,"colorG":130,"colorR":200,"customProperty":"","flipX":false,"flipY":false,"height":16,"ignoreSize":true,"layoutParameter":null,"opacity":255,"positionPercentX":0.359375,"positionPercentY":0.860416651,"positionType":0,"rotation":0,"scaleX":1,"scaleY":0.9999999,"sizePercentX":0.025,"sizePercentY":0.0333333351,"sizeType":0,"tag":44,"touchAble":false,"useMergedTexture":false,"visible":true,"width":8,"x":115,"y":413,"areaHeight":0,"areaWidth":0,"fontFile":null,"fontName":"BAUHS93.TTF","fontSize":16,"hAlignment":0,"text":"6","touchScaleEnable":false,"vAlignment":0}},{"classname":"Panel","name":null,"children":[{"classname":"Button","name":null,"children":[],"options":{"__type":"ButtonSurrogate:#EditorCommon.JsonModel.Component.GUI","classname":"Button","name":"returnBt","ZOrder":9,"actiontag":45964727,"anchorPointX":0,"anchorPointY":1,"classType":"CocoStudio.EngineAdapterWrap.CSButton","colorB":255,"colorG":255,"colorR":255,"customProperty":"","flipX":false,"flipY":false,"height":48,"ignoreSize":true,"layoutParameter":null,"opacity":255,"positionPercentX":0,"positionPercentY":48000,"positionType":0,"rotation":0,"scaleX":1,"scaleY":1,"sizePercentX":4600,"sizePercentY":4800,"sizeType":0,"tag":50,"touchAble":true,"useMergedTexture":false,"visible":true,"width":46,"x":0,"y":480,"capInsetsHeight":1,"capInsetsWidth":1,"capInsetsX":0,"capInsetsY":0,"disabled":null,"disabledData":{"path":null,"plistFile":null,"resourceType":0},"fontName":"yihei.ttf","fontSize":14,"fontType":0,"normal":null,"normalData":{"path":"return.png","plistFile":"","resourceType":0},"pressed":null,"pressedData":{"path":null,"plistFile":null,"resourceType":0},"scale9Enable":false,"scale9Height":48,"scale9Width":46,"text":"","textColorB":255,"textColorG":255,"textColorR":255}},{"classname":"Label","name":null,"children":[],"options":{"__type":"LabelSurrogate:#EditorCommon.JsonModel.Component.GUI","classname":"Label","name":"lb1","ZOrder":11,"actiontag":9026257,"anchorPointX":0.5,"anchorPointY":0.5,"classType":"CocoStudio.EngineAdapterWrap.CSLabel","colorB":57,"colorG":62,"colorR":83,"customProperty":"","flipX":false,"flipY":false,"height":14,"ignoreSize":true,"layoutParameter":null,"opacity":255,"positionPercentX":16000,"positionPercentY":37400,"positionType":0,"rotation":0,"scaleX":1,"scaleY":1,"sizePercentX":7000,"sizePercentY":1400,"sizeType":0,"tag":105,"touchAble":false,"useMergedTexture":false,"visible":true,"width":70,"x":160,"y":374,"areaHeight":0,"areaWidth":0,"fontFile":null,"fontName":"MyriadPro Regular.ttf","fontSize":14,"hAlignment":0,"text":"Text Label","touchScaleEnable":false,"vAlignment":0}},{"classname":"Label","name":null,"children":[],"options":{"__type":"LabelSurrogate:#EditorCommon.JsonModel.Component.GUI","classname":"Label","name":"lb3","ZOrder":11,"actiontag":21300044,"anchorPointX":0.5,"anchorPointY":1,"classType":"CocoStudio.EngineAdapterWrap.CSLabel","colorB":184,"colorG":212,"colorR":217,"customProperty":"","flipX":false,"flipY":false,"height":14,"ignoreSize":true,"layoutParameter":null,"opacity":255,"positionPercentX":16000,"positionPercentY":3700,"positionType":0,"rotation":0,"scaleX":1,"scaleY":1,"sizePercentX":7000,"sizePercentY":1400,"sizeType":0,"tag":136,"touchAble":false,"useMergedTexture":false,"visible":true,"width":70,"x":160,"y":37,"areaHeight":0,"areaWidth":0,"fontFile":null,"fontName":"MyriadPro Regular.ttf","fontSize":14,"hAlignment":0,"text":"Text Label","touchScaleEnable":false,"vAlignment":0}},{"classname":"Button","name":null,"children":[],"options":{"__type":"ButtonSurrogate:#EditorCommon.JsonModel.Component.GUI","classname":"Button","name":"missionConfirmBt","ZOrder":8,"actiontag":46567794,"anchorPointX":0.5,"anchorPointY":0.5,"classType":"CocoStudio.EngineAdapterWrap.CSButton","colorB":255,"colorG":255,"colorR":255,"customProperty":"","flipX":false,"flipY":false,"height":57,"ignoreSize":true,"layoutParameter":null,"opacity":255,"positionPercentX":16000,"positionPercentY":42700,"positionType":0,"rotation":0,"scaleX":1,"scaleY":1,"sizePercentX":11000,"sizePercentY":5700,"sizeType":0,"tag":54,"touchAble":true,"useMergedTexture":false,"visible":true,"width":110,"x":160,"y":427,"capInsetsHeight":1,"capInsetsWidth":1,"capInsetsX":0,"capInsetsY":0,"disabled":null,"disabledData":{"path":null,"plistFile":null,"resourceType":0},"fontName":"yihei.ttf","fontSize":14,"fontType":0,"normal":null,"normalData":{"path":"confirm3.png","plistFile":"","resourceType":0},"pressed":null,"pressedData":{"path":"confirm4.png","plistFile":"","resourceType":0},"scale9Enable":false,"scale9Height":57,"scale9Width":110,"text":"","textColorB":255,"textColorG":255,"textColorR":255}},{"classname":"Button","name":null,"children":[],"options":{"__type":"ButtonSurrogate:#EditorCommon.JsonModel.Component.GUI","classname":"Button","name":"favorBt","ZOrder":8,"actiontag":21584674,"anchorPointX":1,"anchorPointY":1,"classType":"CocoStudio.EngineAdapterWrap.CSButton","colorB":255,"colorG":255,"colorR":255,"customProperty":"","flipX":false,"flipY":false,"height":48,"ignoreSize":true,"layoutParameter":null,"opacity":255,"positionPercentX":32000,"positionPercentY":48000,"positionType":0,"rotation":0,"scaleX":1,"scaleY":1,"sizePercentX":4600,"sizePercentY":4800,"sizeType":0,"tag":175,"touchAble":true,"useMergedTexture":false,"visible":true,"width":46,"x":320,"y":480,"capInsetsHeight":1,"capInsetsWidth":1,"capInsetsX":0,"capInsetsY":0,"disabled":null,"disabledData":{"path":null,"plistFile":null,"resourceType":0},"fontName":"yihei.ttf","fontSize":14,"fontType":0,"normal":null,"normalData":{"path":"favorBt1.png","plistFile":"","resourceType":0},"pressed":null,"pressedData":{"path":null,"plistFile":null,"resourceType":0},"scale9Enable":false,"scale9Height":48,"scale9Width":46,"text":"","textColorB":255,"textColorG":255,"textColorR":255}},{"classname":"Label","name":null,"children":[],"options":{"__type":"LabelSurrogate:#EditorCommon.JsonModel.Component.GUI","classname":"Label","name":"addFLb","ZOrder":8,"actiontag":51170226,"anchorPointX":0.5,"anchorPointY":0.5,"classType":"CocoStudio.EngineAdapterWrap.CSLabel","colorB":0,"colorG":245,"colorR":255,"customProperty":"","flipX":false,"flipY":false,"height":15,"ignoreSize":true,"layoutParameter":null,"opacity":255,"positionPercentX":16000,"positionPercentY":46700,"positionType":0,"rotation":0,"scaleX":1,"scaleY":1,"sizePercentX":2400,"sizePercentY":1500,"sizeType":0,"tag":176,"touchAble":false,"useMergedTexture":false,"visible":true,"width":24,"x":160,"y":467,"areaHeight":0,"areaWidth":0,"fontFile":null,"fontName":"MyriadPro Regular.ttf","fontSize":15,"hAlignment":0,"text":"suc","touchScaleEnable":false,"vAlignment":0}},{"classname":"ImageView","name":null,"children":[],"options":{"__type":"ImageViewSurrogate:#EditorCommon.JsonModel.Component.GUI","classname":"ImageView","name":"msIm","ZOrder":8,"actiontag":53398115,"anchorPointX":0.5,"anchorPointY":0.5,"classType":"CocoStudio.EngineAdapterWrap.CSImageView","colorB":255,"colorG":255,"colorR":255,"customProperty":"","flipX":false,"flipY":false,"height":320,"ignoreSize":true,"layoutParameter":null,"opacity":255,"positionPercentX":16000,"positionPercentY":19300,"positionType":0,"rotation":0,"scaleX":1,"scaleY":1,"sizePercentX":32000,"sizePercentY":32000,"sizeType":0,"tag":183,"touchAble":false,"useMergedTexture":false,"visible":true,"width":320,"x":160,"y":193,"capInsetsHeight":1,"capInsetsWidth":1,"capInsetsX":0,"capInsetsY":0,"fileName":null,"fileNameData":{"path":"missionA21.png","plistFile":"","resourceType":0},"scale9Enable":false,"scale9Height":320,"scale9Width":320}},{"classname":"ImageView","name":null,"children":[],"options":{"__type":"ImageViewSurrogate:#EditorCommon.JsonModel.Component.GUI","classname":"ImageView","name":"msBackground","ZOrder":7,"actiontag":66792272,"anchorPointX":0,"anchorPointY":0,"classType":"CocoStudio.EngineAdapterWrap.CSImageView","colorB":255,"colorG":255,"colorR":255,"customProperty":"","flipX":false,"flipY":false,"height":480,"ignoreSize":true,"layoutParameter":null,"opacity":255,"positionPercentX":0,"positionPercentY":0,"positionType":0,"rotation":0,"scaleX":1,"scaleY":1,"sizePercentX":32000,"sizePercentY":48000,"sizeType":0,"tag":53,"touchAble":false,"useMergedTexture":false,"visible":true,"width":320,"x":0,"y":0,"capInsetsHeight":1,"capInsetsWidth":1,"capInsetsX":0,"capInsetsY":0,"fileName":null,"fileNameData":{"path":"msbackground.png","plistFile":"","resourceType":0},"scale9Enable":false,"scale9Height":480,"scale9Width":320}}],"options":{"__type":"PanelSurrogate:#EditorCommon.JsonModel.Component.GUI","classname":"Panel","name":"missionPanel","ZOrder":6,"actiontag":38882879,"anchorPointX":0,"anchorPointY":0,"classType":"CocoStudio.EngineAdapterWrap.CSPanel","colorB":255,"colorG":255,"colorR":255,"customProperty":"","flipX":false,"flipY":false,"height":0.01,"ignoreSize":false,"layoutParameter":null,"opacity":255,"positionPercentX":0,"positionPercentY":0,"positionType":0,"rotation":0,"scaleX":1,"scaleY":1,"sizePercentX":3.12499978E-05,"sizePercentY":2.08333331E-05,"sizeType":0,"tag":52,"touchAble":false,"useMergedTexture":false,"visible":true,"width":0.01,"x":0,"y":0,"adaptScreen":false,"backGroundImage":null,"backGroundImageData":null,"backGroundScale9Enable":false,"bgColorB":255,"bgColorG":200,"bgColorOpacity":0,"bgColorR":150,"bgEndColorB":255,"bgEndColorG":200,"bgEndColorR":150,"bgStartColorB":255,"bgStartColorG":255,"bgStartColorR":255,"capInsetsHeight":1,"capInsetsWidth":1,"capInsetsX":0,"capInsetsY":0,"clipAble":false,"colorType":1,"layoutType":0,"vectorX":0,"vectorY":-0.5}},{"classname":"Label","name":null,"children":[],"options":{"__type":"LabelSurrogate:#EditorCommon.JsonModel.Component.GUI","classname":"Label","name":"undoLb","ZOrder":3,"actiontag":29306417,"anchorPointX":1,"anchorPointY":0.5,"classType":"CocoStudio.EngineAdapterWrap.CSLabel","colorB":0,"colorG":255,"colorR":255,"customProperty":"","flipX":false,"flipY":false,"height":13,"ignoreSize":true,"layoutParameter":null,"opacity":255,"positionPercentX":0.79375,"positionPercentY":0.816666663,"positionType":0,"rotation":0,"scaleX":1,"scaleY":1,"sizePercentX":0.04375,"sizePercentY":0.0270833336,"sizeType":0,"tag":168,"touchAble":false,"useMergedTexture":false,"visible":true,"width":14,"x":254,"y":392,"areaHeight":0,"areaWidth":0,"fontFile":null,"fontName":"BAUHS93.TTF","fontSize":13,"hAlignment":0,"text":"99","touchScaleEnable":false,"vAlignment":0}},{"classname":"Label","name":null,"children":[],"options":{"__type":"LabelSurrogate:#EditorCommon.JsonModel.Component.GUI","classname":"Label","name":"swapLb","ZOrder":3,"actiontag":42793224,"anchorPointX":1,"anchorPointY":0.5,"classType":"CocoStudio.EngineAdapterWrap.CSLabel","colorB":0,"colorG":255,"colorR":255,"customProperty":"","flipX":false,"flipY":false,"height":13,"ignoreSize":true,"layoutParameter":null,"opacity":255,"positionPercentX":0.971875,"positionPercentY":0.816666663,"positionType":0,"rotation":0,"scaleX":1,"scaleY":1,"sizePercentX":0.04375,"sizePercentY":0.0270833336,"sizeType":0,"tag":170,"touchAble":false,"useMergedTexture":false,"visible":true,"width":14,"x":311,"y":392,"areaHeight":0,"areaWidth":0,"fontFile":null,"fontName":"BAUHS93.TTF","fontSize":13,"hAlignment":0,"text":"99","touchScaleEnable":false,"vAlignment":0}},{"classname":"Label","name":null,"children":[],"options":{"__type":"LabelSurrogate:#EditorCommon.JsonModel.Component.GUI","classname":"Label","name":"add1Lb","ZOrder":3,"actiontag":31684701,"anchorPointX":1,"anchorPointY":0.5,"classType":"CocoStudio.EngineAdapterWrap.CSLabel","colorB":0,"colorG":255,"colorR":255,"customProperty":"","flipX":false,"flipY":false,"height":13,"ignoreSize":true,"layoutParameter":null,"opacity":255,"positionPercentX":0.971875,"positionPercentY":0.89375,"positionType":0,"rotation":0,"scaleX":1,"scaleY":1,"sizePercentX":0.04375,"sizePercentY":0.0270833336,"sizeType":0,"tag":172,"touchAble":false,"useMergedTexture":false,"visible":true,"width":14,"x":311,"y":429,"areaHeight":0,"areaWidth":0,"fontFile":null,"fontName":"BAUHS93.TTF","fontSize":13,"hAlignment":0,"text":"99","touchScaleEnable":false,"vAlignment":0}},{"classname":"ImageView","name":null,"children":[],"options":{"__type":"ImageViewSurrogate:#EditorCommon.JsonModel.Component.GUI","classname":"ImageView","name":"cnMoveIm","ZOrder":2,"actiontag":60776796,"anchorPointX":0.5,"anchorPointY":0.5,"classType":"CocoStudio.EngineAdapterWrap.CSImageView","colorB":255,"colorG":255,"colorR":255,"customProperty":"","flipX":false,"flipY":false,"height":27,"ignoreSize":true,"layoutParameter":null,"opacity":255,"positionPercentX":0.309375,"positionPercentY":0.8020833,"positionType":0,"rotation":0,"scaleX":1,"scaleY":1,"sizePercentX":0.5375,"sizePercentY":0.05625,"sizeType":0,"tag":190,"touchAble":false,"useMergedTexture":false,"visible":false,"width":172,"x":99,"y":385,"capInsetsHeight":1,"capInsetsWidth":1,"capInsetsX":0,"capInsetsY":0,"fileName":null,"fileNameData":{"path":"cannotmove.png","plistFile":"","resourceType":0},"scale9Enable":false,"scale9Height":27,"scale9Width":172}},{"classname":"Label","name":null,"children":[],"options":{"__type":"LabelSurrogate:#EditorCommon.JsonModel.Component.GUI","classname":"Label","name":"msLb1","ZOrder":2,"actiontag":66239804,"anchorPointX":0.5,"anchorPointY":0.5,"classType":"CocoStudio.EngineAdapterWrap.CSLabel","colorB":19,"colorG":69,"colorR":139,"customProperty":"","flipX":false,"flipY":false,"height":13,"ignoreSize":true,"layoutParameter":null,"opacity":255,"positionPercentX":0.315625,"positionPercentY":0.94375,"positionType":0,"rotation":0,"scaleX":1,"scaleY":1,"sizePercentX":0.459375,"sizePercentY":0.0270833336,"sizeType":0,"tag":193,"touchAble":false,"useMergedTexture":false,"visible":true,"width":147,"x":101,"y":453,"areaHeight":0,"areaWidth":0,"fontFile":null,"fontName":"MyriadPro Regular.ttf","fontSize":13,"hAlignment":0,"text":"[A1-4]:  same number,","touchScaleEnable":false,"vAlignment":0}}],"options":{"__type":"PanelSurrogate:#EditorCommon.JsonModel.Component.GUI","classname":"Panel","name":"Panel_14","ZOrder":0,"actiontag":-1,"anchorPointX":0,"anchorPointY":0,"classType":"CocoStudio.EngineAdapterWrap.CSPanel","colorB":255,"colorG":255,"colorR":255,"customProperty":"","flipX":false,"flipY":false,"height":480,"ignoreSize":false,"layoutParameter":null,"opacity":255,"positionPercentX":0,"positionPercentY":0,"positionType":0,"rotation":0,"scaleX":1,"scaleY":1,"sizePercentX":1,"sizePercentY":1,"sizeType":0,"tag":1,"touchAble":false,"useMergedTexture":false,"visible":true,"width":320,"x":0,"y":0,"adaptScreen":true,"backGroundImage":null,"backGroundImageData":null,"backGroundScale9Enable":false,"bgColorB":255,"bgColorG":200,"bgColorOpacity":0,"bgColorR":150,"bgEndColorB":255,"bgEndColorG":200,"bgEndColorR":150,"bgStartColorB":255,"bgStartColorG":255,"bgStartColorR":255,"capInsetsHeight":1,"capInsetsWidth":1,"capInsetsX":0,"capInsetsY":0,"clipAble":false,"colorType":1,"layoutType":0,"vectorX":0,"vectorY":-0.5}}}