{"classname":null,"name":null,"animation":{"classname":null,"name":"AnimationManager","actionlist":[]},"dataScale":1,"designHeight":480,"designWidth":320,"textures":[],"texturesPng":["loadingBar.png","missionA21.png","msbackground1.png"],"version":"1.6.0.0","widgetTree":{"classname":"Panel","name":null,"children":[{"classname":"LoadingBar","name":null,"children":[],"options":{"__type":"LoadingBarSurrogate:#EditorCommon.JsonModel.Component.GUI","classname":"LoadingBar","name":"loadingBar","ZOrder":3,"actiontag":24355627,"anchorPointX":0.5,"anchorPointY":0.5,"classType":"CocoStudio.EngineAdapterWrap.CSLoadingBar","colorB":255,"colorG":255,"colorR":255,"customProperty":"","flipX":false,"flipY":false,"height":22,"ignoreSize":true,"layoutParameter":null,"opacity":255,"positionPercentX":0.49375,"positionPercentY":0.9791667,"positionType":1,"rotation":0,"scaleX":1,"scaleY":1,"sizePercentX":0.875,"sizePercentY":0.0458333343,"sizeType":0,"tag":6,"touchAble":false,"useMergedTexture":false,"visible":true,"width":280,"x":158,"y":470,"capInsetsHeight":1,"capInsetsWidth":1,"capInsetsX":0,"capInsetsY":0,"direction":0,"percent":100,"scale9Enable":false,"texture":null,"textureData":{"path":"loadingBar.png","plistFile":"","resourceType":0}}},{"classname":"ImageView","name":null,"children":[],"options":{"__type":"ImageViewSurrogate:#EditorCommon.JsonModel.Component.GUI","classname":"ImageView","name":"msIm","ZOrder":1,"actiontag":24653180,"anchorPointX":0.5,"anchorPointY":0.5,"classType":"CocoStudio.EngineAdapterWrap.CSImageView","colorB":255,"colorG":255,"colorR":255,"customProperty":"","flipX":false,"flipY":false,"height":320,"ignoreSize":true,"layoutParameter":null,"opacity":255,"positionPercentX":0.5,"positionPercentY":0.402083337,"positionType":0,"rotation":0,"scaleX":1,"scaleY":1,"sizePercentX":1,"sizePercentY":0.6666667,"sizeType":0,"tag":16,"touchAble":false,"useMergedTexture":false,"visible":true,"width":320,"x":160,"y":193,"capInsetsHeight":1,"capInsetsWidth":1,"capInsetsX":0,"capInsetsY":0,"fileName":null,"fileNameData":{"path":"missionA21.png","plistFile":"","resourceType":0},"scale9Enable":false,"scale9Height":320,"scale9Width":320}},{"classname":"ImageView","name":null,"children":[],"options":{"__type":"ImageViewSurrogate:#EditorCommon.JsonModel.Component.GUI","classname":"ImageView","name":"msBackground","ZOrder":0,"actiontag":26783618,"anchorPointX":0,"anchorPointY":0,"classType":"CocoStudio.EngineAdapterWrap.CSImageView","colorB":255,"colorG":255,"colorR":255,"customProperty":"","flipX":false,"flipY":false,"height":480,"ignoreSize":true,"layoutParameter":null,"opacity":255,"positionPercentX":-0.003125,"positionPercentY":0,"positionType":0,"rotation":0,"scaleX":1,"scaleY":1,"sizePercentX":1,"sizePercentY":1,"sizeType":0,"tag":4,"touchAble":false,"useMergedTexture":false,"visible":true,"width":320,"x":-1,"y":0,"capInsetsHeight":1,"capInsetsWidth":1,"capInsetsX":0,"capInsetsY":0,"fileName":null,"fileNameData":{"path":"msbackground1.png","plistFile":"","resourceType":0},"scale9Enable":false,"scale9Height":480,"scale9Width":320}},{"classname":"Label","name":null,"children":[],"options":{"__type":"LabelSurrogate:#EditorCommon.JsonModel.Component.GUI","classname":"Label","name":"lb3","ZOrder":2,"actiontag":41684868,"anchorPointX":0.5,"anchorPointY":1,"classType":"CocoStudio.EngineAdapterWrap.CSLabel","colorB":184,"colorG":212,"colorR":217,"customProperty":"","flipX":false,"flipY":false,"height":14,"ignoreSize":true,"layoutParameter":null,"opacity":255,"positionPercentX":0.5,"positionPercentY":0.0770833343,"positionType":0,"rotation":0,"scaleX":1,"scaleY":1,"sizePercentX":0.109375,"sizePercentY":0.0291666668,"sizeType":0,"tag":12,"touchAble":false,"useMergedTexture":false,"visible":true,"width":35,"x":160,"y":37,"areaHeight":0,"areaWidth":0,"fontFile":null,"fontName":"MyriadPro Regular.ttf","fontSize":14,"hAlignment":0,"text":"Tips:","touchScaleEnable":false,"vAlignment":0}},{"classname":"Label","name":null,"children":[],"options":{"__type":"LabelSurrogate:#EditorCommon.JsonModel.Component.GUI","classname":"Label","name":"lb1","ZOrder":2,"actiontag":62352008,"anchorPointX":0.5,"anchorPointY":0.5,"classType":"CocoStudio.EngineAdapterWrap.CSLabel","colorB":57,"colorG":62,"colorR":83,"customProperty":"","flipX":false,"flipY":false,"height":14,"ignoreSize":true,"layoutParameter":null,"opacity":255,"positionPercentX":0.5,"positionPercentY":0.779166639,"positionType":0,"rotation":0,"scaleX":1,"scaleY":1,"sizePercentX":0.0875,"sizePercentY":0.0291666668,"sizeType":0,"tag":17,"touchAble":false,"useMergedTexture":false,"visible":true,"width":28,"x":160,"y":374,"areaHeight":0,"areaWidth":0,"fontFile":null,"fontName":"MyriadPro Regular.ttf","fontSize":14,"hAlignment":0,"text":"text","touchScaleEnable":false,"vAlignment":0}}],"options":{"__type":"PanelSurrogate:#EditorCommon.JsonModel.Component.GUI","classname":"Panel","name":"Panel_14","ZOrder":0,"actiontag":-1,"anchorPointX":0,"anchorPointY":0,"classType":"CocoStudio.EngineAdapterWrap.CSPanel","colorB":255,"colorG":255,"colorR":255,"customProperty":"","flipX":false,"flipY":false,"height":480,"ignoreSize":false,"layoutParameter":null,"opacity":255,"positionPercentX":0,"positionPercentY":0,"positionType":0,"rotation":0,"scaleX":1,"scaleY":1,"sizePercentX":1,"sizePercentY":1,"sizeType":0,"tag":3,"touchAble":false,"useMergedTexture":false,"visible":true,"width":320,"x":0,"y":0,"adaptScreen":false,"backGroundImage":null,"backGroundImageData":null,"backGroundScale9Enable":false,"bgColorB":255,"bgColorG":200,"bgColorOpacity":0,"bgColorR":150,"bgEndColorB":255,"bgEndColorG":200,"bgEndColorR":150,"bgStartColorB":255,"bgStartColorG":255,"bgStartColorR":255,"capInsetsHeight":1,"capInsetsWidth":1,"capInsetsX":0,"capInsetsY":0,"clipAble":false,"colorType":1,"layoutType":0,"vectorX":0,"vectorY":-0.5}}}