{"classname":null,"name":null,"animation":{"classname":null,"name":"AnimationManager","actionlist":[]},"dataScale":1,"designHeight":480,"designWidth":320,"textures":[],"texturesPng":["bt11.png","bt12.png","bt21.png","bt22.png","bt31.png","bt32.png","bt41.png","bt42.png","bt51.png","bt52.png","user.png","achievement1.png","achievement2.png","sureBt1.png","sureBt2.png","sureIm0.png","gift.png","MainMenue.png","social1.png","social2.png"],"version":"1.6.0.0","widgetTree":{"classname":"Panel","name":null,"children":[{"classname":"Label","name":null,"children":[],"options":{"__type":"LabelSurrogate:#EditorCommon.JsonModel.Component.GUI","classname":"Label","name":"userLb","ZOrder":1,"actiontag":3,"anchorPointX":0,"anchorPointY":0.5,"classType":"CocoStudio.EngineAdapterWrap.CSLabel","colorB":48,"colorG":46,"colorR":71,"customProperty":"","flipX":false,"flipY":false,"height":13,"ignoreSize":true,"layoutParameter":null,"opacity":255,"positionPercentX":0.021875,"positionPercentY":0.8958333,"positionType":1,"rotation":0,"scaleX":1,"scaleY":1,"sizePercentX":0.109375,"sizePercentY":0.0333333351,"sizeType":0,"tag":4,"touchAble":false,"useMergedTexture":false,"visible":true,"width":42,"x":7,"y":430,"areaHeight":0,"areaWidth":0,"fontFile":null,"fontName":"MyriadPro Regular.ttf","fontSize":13,"hAlignment":0,"text":"player","touchScaleEnable":false,"vAlignment":0}},{"classname":"Button","name":null,"children":[],"options":{"__type":"ButtonSurrogate:#EditorCommon.JsonModel.Component.GUI","classname":"Button","name":"bt1","ZOrder":1,"actiontag":39932558,"anchorPointX":0.5,"anchorPointY":0.5,"classType":"CocoStudio.EngineAdapterWrap.CSButton","colorB":255,"colorG":255,"colorR":255,"customProperty":"","flipX":false,"flipY":false,"height":51,"ignoreSize":true,"layoutParameter":null,"opacity":255,"positionPercentX":0.5,"positionPercentY":0.7270833,"positionType":0,"rotation":0,"scaleX":1,"scaleY":1,"sizePercentX":0.434375,"sizePercentY":0.10625,"sizeType":0,"tag":70,"touchAble":true,"useMergedTexture":false,"visible":true,"width":139,"x":160,"y":349,"capInsetsHeight":1,"capInsetsWidth":1,"capInsetsX":0,"capInsetsY":0,"disabled":null,"disabledData":{"path":null,"plistFile":null,"resourceType":0},"fontName":"BAUHS93.TTF","fontSize":14,"fontType":0,"normal":null,"normalData":{"path":"bt11.png","plistFile":"","resourceType":0},"pressed":null,"pressedData":{"path":"bt12.png","plistFile":"","resourceType":0},"scale9Enable":false,"scale9Height":51,"scale9Width":139,"text":"","textColorB":255,"textColorG":255,"textColorR":255}},{"classname":"Button","name":null,"children":[],"options":{"__type":"ButtonSurrogate:#EditorCommon.JsonModel.Component.GUI","classname":"Button","name":"bt2","ZOrder":1,"actiontag":19886204,"anchorPointX":0.5,"anchorPointY":0.5,"classType":"CocoStudio.EngineAdapterWrap.CSButton","colorB":255,"colorG":255,"colorR":255,"customProperty":"","flipX":false,"flipY":false,"height":51,"ignoreSize":true,"layoutParameter":null,"opacity":255,"positionPercentX":0.5,"positionPercentY":0.597916663,"positionType":0,"rotation":0,"scaleX":1,"scaleY":1,"sizePercentX":0.434375,"sizePercentY":0.10625,"sizeType":0,"tag":73,"touchAble":true,"useMergedTexture":false,"visible":true,"width":139,"x":160,"y":287,"capInsetsHeight":1,"capInsetsWidth":1,"capInsetsX":0,"capInsetsY":0,"disabled":null,"disabledData":{"path":null,"plistFile":null,"resourceType":0},"fontName":"BAUHS93.TTF","fontSize":14,"fontType":0,"normal":null,"normalData":{"path":"bt21.png","plistFile":"","resourceType":0},"pressed":null,"pressedData":{"path":"bt22.png","plistFile":"","resourceType":0},"scale9Enable":false,"scale9Height":51,"scale9Width":139,"text":"","textColorB":255,"textColorG":255,"textColorR":255}},{"classname":"Button","name":null,"children":[],"options":{"__type":"ButtonSurrogate:#EditorCommon.JsonModel.Component.GUI","classname":"Button","name":"bt3","ZOrder":1,"actiontag":39246533,"anchorPointX":0.5,"anchorPointY":0.5,"classType":"CocoStudio.EngineAdapterWrap.CSButton","colorB":255,"colorG":255,"colorR":255,"customProperty":"","flipX":false,"flipY":false,"height":51,"ignoreSize":true,"layoutParameter":null,"opacity":255,"positionPercentX":0.5,"positionPercentY":0.46875,"positionType":0,"rotation":0,"scaleX":1,"scaleY":1,"sizePercentX":0.434375,"sizePercentY":0.10625,"sizeType":0,"tag":74,"touchAble":true,"useMergedTexture":false,"visible":true,"width":139,"x":160,"y":225,"capInsetsHeight":1,"capInsetsWidth":1,"capInsetsX":0,"capInsetsY":0,"disabled":null,"disabledData":{"path":null,"plistFile":null,"resourceType":0},"fontName":"BAUHS93.TTF","fontSize":14,"fontType":0,"normal":null,"normalData":{"path":"bt31.png","plistFile":"","resourceType":0},"pressed":null,"pressedData":{"path":"bt32.png","plistFile":"","resourceType":0},"scale9Enable":false,"scale9Height":51,"scale9Width":139,"text":"","textColorB":255,"textColorG":255,"textColorR":255}},{"classname":"Button","name":null,"children":[],"options":{"__type":"ButtonSurrogate:#EditorCommon.JsonModel.Component.GUI","classname":"Button","name":"bt5","ZOrder":1,"actiontag":42038968,"anchorPointX":0.5,"anchorPointY":0.5,"classType":"CocoStudio.EngineAdapterWrap.CSButton","colorB":255,"colorG":255,"colorR":255,"customProperty":"","flipX":false,"flipY":false,"height":51,"ignoreSize":true,"layoutParameter":null,"opacity":255,"positionPercentX":0.5,"positionPercentY":0.339583337,"positionType":0,"rotation":0,"scaleX":1,"scaleY":1,"sizePercentX":0.434375,"sizePercentY":0.10625,"sizeType":0,"tag":83,"touchAble":true,"useMergedTexture":false,"visible":true,"width":139,"x":160,"y":163,"capInsetsHeight":1,"capInsetsWidth":1,"capInsetsX":0,"capInsetsY":0,"disabled":null,"disabledData":{"path":null,"plistFile":null,"resourceType":0},"fontName":"BAUHS93.TTF","fontSize":14,"fontType":0,"normal":null,"normalData":{"path":"bt41.png","plistFile":"","resourceType":0},"pressed":null,"pressedData":{"path":"bt42.png","plistFile":"","resourceType":0},"scale9Enable":false,"scale9Height":51,"scale9Width":139,"text":"","textColorB":255,"textColorG":255,"textColorR":255}},{"classname":"Button","name":null,"children":[],"options":{"__type":"ButtonSurrogate:#EditorCommon.JsonModel.Component.GUI","classname":"Button","name":"bt6","ZOrder":1,"actiontag":9352930,"anchorPointX":0.5,"anchorPointY":0.5,"classType":"CocoStudio.EngineAdapterWrap.CSButton","colorB":255,"colorG":255,"colorR":255,"customProperty":"","flipX":false,"flipY":false,"height":51,"ignoreSize":true,"layoutParameter":null,"opacity":255,"positionPercentX":0.5,"positionPercentY":0.21041666,"positionType":0,"rotation":0,"scaleX":1,"scaleY":1,"sizePercentX":0.434375,"sizePercentY":0.10625,"sizeType":0,"tag":75,"touchAble":true,"useMergedTexture":false,"visible":true,"width":139,"x":160,"y":101,"capInsetsHeight":1,"capInsetsWidth":1,"capInsetsX":0,"capInsetsY":0,"disabled":null,"disabledData":{"path":null,"plistFile":null,"resourceType":0},"fontName":"BAUHS93.TTF","fontSize":14,"fontType":0,"normal":null,"normalData":{"path":"bt51.png","plistFile":"","resourceType":0},"pressed":null,"pressedData":{"path":"bt52.png","plistFile":"","resourceType":0},"scale9Enable":false,"scale9Height":51,"scale9Width":139,"text":"","textColorB":255,"textColorG":255,"textColorR":255}},{"classname":"Button","name":null,"children":[],"options":{"__type":"ButtonSurrogate:#EditorCommon.JsonModel.Component.GUI","classname":"Button","name":"bt8","ZOrder":1,"actiontag":61117050,"anchorPointX":0,"anchorPointY":1,"classType":"CocoStudio.EngineAdapterWrap.CSButton","colorB":255,"colorG":255,"colorR":255,"customProperty":"","flipX":false,"flipY":false,"height":48,"ignoreSize":true,"layoutParameter":null,"opacity":255,"positionPercentX":0,"positionPercentY":1,"positionType":0,"rotation":0,"scaleX":1,"scaleY":1,"sizePercentX":0.14375,"sizePercentY":0.1,"sizeType":0,"tag":41,"touchAble":true,"useMergedTexture":false,"visible":true,"width":46,"x":0,"y":480,"capInsetsHeight":1,"capInsetsWidth":1,"capInsetsX":0,"capInsetsY":0,"disabled":null,"disabledData":{"path":null,"plistFile":null,"resourceType":0},"fontName":"BAUHS93.TTF","fontSize":14,"fontType":0,"normal":null,"normalData":{"path":"user.png","plistFile":"","resourceType":0},"pressed":null,"pressedData":{"path":null,"plistFile":null,"resourceType":0},"scale9Enable":false,"scale9Height":48,"scale9Width":46,"text":"","textColorB":255,"textColorG":255,"textColorR":255}},{"classname":"Button","name":null,"children":[],"options":{"__type":"ButtonSurrogate:#EditorCommon.JsonModel.Component.GUI","classname":"Button","name":"achievementBt","ZOrder":1,"actiontag":5281459,"anchorPointX":0.5,"anchorPointY":0.5,"classType":"CocoStudio.EngineAdapterWrap.CSButton","colorB":255,"colorG":255,"colorR":255,"customProperty":"","flipX":false,"flipY":false,"height":44,"ignoreSize":true,"layoutParameter":null,"opacity":255,"positionPercentX":0.765625,"positionPercentY":0.102083333,"positionType":0,"rotation":0,"scaleX":1,"scaleY":1,"sizePercentX":0.1375,"sizePercentY":0.09166667,"sizeType":0,"tag":42,"touchAble":true,"useMergedTexture":false,"visible":true,"width":44,"x":245,"y":49,"capInsetsHeight":1,"capInsetsWidth":1,"capInsetsX":0,"capInsetsY":0,"disabled":null,"disabledData":{"path":null,"plistFile":null,"resourceType":0},"fontName":"BAUHS93.TTF","fontSize":14,"fontType":0,"normal":null,"normalData":{"path":"achievement1.png","plistFile":"","resourceType":0},"pressed":null,"pressedData":{"path":"achievement2.png","plistFile":"","resourceType":0},"scale9Enable":false,"scale9Height":44,"scale9Width":44,"text":"","textColorB":255,"textColorG":255,"textColorR":255}},{"classname":"Button","name":null,"children":[],"options":{"__type":"ButtonSurrogate:#EditorCommon.JsonModel.Component.GUI","classname":"Button","name":"sureBt","ZOrder":5,"actiontag":64622928,"anchorPointX":0.5,"anchorPointY":0.5,"classType":"CocoStudio.EngineAdapterWrap.CSButton","colorB":255,"colorG":255,"colorR":255,"customProperty":"","flipX":false,"flipY":false,"height":30,"ignoreSize":true,"layoutParameter":null,"opacity":255,"positionPercentX":0.5,"positionPercentY":0.6145833,"positionType":0,"rotation":0,"scaleX":1,"scaleY":1,"sizePercentX":0.2875,"sizePercentY":0.0625,"sizeType":0,"tag":91,"touchAble":true,"useMergedTexture":false,"visible":false,"width":92,"x":160,"y":295,"capInsetsHeight":1,"capInsetsWidth":1,"capInsetsX":0,"capInsetsY":0,"disabled":null,"disabledData":{"path":null,"plistFile":null,"resourceType":0},"fontName":"BAUHS93.TTF","fontSize":14,"fontType":0,"normal":null,"normalData":{"path":"sureBt1.png","plistFile":"","resourceType":0},"pressed":null,"pressedData":{"path":"sureBt2.png","plistFile":"","resourceType":0},"scale9Enable":false,"scale9Height":30,"scale9Width":92,"text":"","textColorB":255,"textColorG":255,"textColorR":255}},{"classname":"Label","name":null,"children":[],"options":{"__type":"LabelSurrogate:#EditorCommon.JsonModel.Component.GUI","classname":"Label","name":"sureLb1","ZOrder":5,"actiontag":24260491,"anchorPointX":0.5,"anchorPointY":0.5,"classType":"CocoStudio.EngineAdapterWrap.CSLabel","colorB":78,"colorG":90,"colorR":102,"customProperty":"","flipX":false,"flipY":false,"height":14,"ignoreSize":true,"layoutParameter":null,"opacity":255,"positionPercentX":0.496875,"positionPercentY":0.7395833,"positionType":0,"rotation":0,"scaleX":1,"scaleY":1,"sizePercentX":0.04375,"sizePercentY":0.0291666668,"sizeType":0,"tag":94,"touchAble":false,"useMergedTexture":false,"visible":false,"width":14,"x":159,"y":355,"areaHeight":0,"areaWidth":0,"fontFile":null,"fontName":"MyriadPro Regular.ttf","fontSize":14,"hAlignment":0,"text":"ok","touchScaleEnable":false,"vAlignment":0}},{"classname":"ImageView","name":null,"children":[],"options":{"__type":"ImageViewSurrogate:#EditorCommon.JsonModel.Component.GUI","classname":"ImageView","name":"sureIm","ZOrder":4,"actiontag":60972066,"anchorPointX":0.5,"anchorPointY":0.5,"classType":"CocoStudio.EngineAdapterWrap.CSImageView","colorB":255,"colorG":255,"colorR":255,"customProperty":"","flipX":false,"flipY":false,"height":170,"ignoreSize":true,"layoutParameter":null,"opacity":255,"positionPercentX":0.5,"positionPercentY":0.691666663,"positionType":0,"rotation":0,"scaleX":1,"scaleY":1,"sizePercentX":0.784375,"sizePercentY":0.354166657,"sizeType":0,"tag":90,"touchAble":false,"useMergedTexture":false,"visible":false,"width":251,"x":160,"y":332,"capInsetsHeight":1,"capInsetsWidth":1,"capInsetsX":0,"capInsetsY":0,"fileName":null,"fileNameData":{"path":"sureIm0.png","plistFile":"","resourceType":0},"scale9Enable":false,"scale9Height":170,"scale9Width":251}},{"classname":"Button","name":null,"children":[],"options":{"__type":"ButtonSurrogate:#EditorCommon.JsonModel.Component.GUI","classname":"Button","name":"giftBt","ZOrder":2,"actiontag":7238880,"anchorPointX":1,"anchorPointY":1,"classType":"CocoStudio.EngineAdapterWrap.CSButton","colorB":255,"colorG":255,"colorR":255,"customProperty":"","flipX":false,"flipY":false,"height":48,"ignoreSize":true,"layoutParameter":null,"opacity":255,"positionPercentX":1,"positionPercentY":1,"positionType":0,"rotation":0,"scaleX":1,"scaleY":1,"sizePercentX":0.14375,"sizePercentY":0.1,"sizeType":0,"tag":97,"touchAble":true,"useMergedTexture":false,"visible":true,"width":46,"x":320,"y":480,"capInsetsHeight":1,"capInsetsWidth":1,"capInsetsX":0,"capInsetsY":0,"disabled":null,"disabledData":{"path":null,"plistFile":null,"resourceType":0},"fontName":"BAUHS93.TTF","fontSize":14,"fontType":0,"normal":null,"normalData":{"path":"gift.png","plistFile":"","resourceType":0},"pressed":null,"pressedData":{"path":null,"plistFile":null,"resourceType":0},"scale9Enable":false,"scale9Height":48,"scale9Width":46,"text":"","textColorB":255,"textColorG":255,"textColorR":255}},{"classname":"ImageView","name":null,"children":[],"options":{"__type":"ImageViewSurrogate:#EditorCommon.JsonModel.Component.GUI","classname":"ImageView","name":"backgroundIm","ZOrder":0,"actiontag":1,"anchorPointX":0,"anchorPointY":0,"classType":"CocoStudio.EngineAdapterWrap.CSImageView","colorB":255,"colorG":255,"colorR":255,"customProperty":"","flipX":false,"flipY":false,"height":480,"ignoreSize":true,"layoutParameter":null,"opacity":255,"positionPercentX":0,"positionPercentY":0.00208333344,"positionType":0,"rotation":0,"scaleX":1,"scaleY":1,"sizePercentX":1,"sizePercentY":1,"sizeType":0,"tag":2,"touchAble":false,"useMergedTexture":false,"visible":true,"width":320,"x":0,"y":1,"capInsetsHeight":1,"capInsetsWidth":1,"capInsetsX":0,"capInsetsY":0,"fileName":null,"fileNameData":{"path":"MainMenue.png","plistFile":"","resourceType":0},"scale9Enable":false,"scale9Height":480,"scale9Width":320}},{"classname":"Button","name":null,"children":[],"options":{"__type":"ButtonSurrogate:#EditorCommon.JsonModel.Component.GUI","classname":"Button","name":"socialBt","ZOrder":1,"actiontag":65511223,"anchorPointX":0.5,"anchorPointY":0.5,"classType":"CocoStudio.EngineAdapterWrap.CSButton","colorB":255,"colorG":255,"colorR":255,"customProperty":"","flipX":false,"flipY":false,"height":44,"ignoreSize":true,"layoutParameter":null,"opacity":255,"positionPercentX":0.909375,"positionPercentY":0.102083333,"positionType":0,"rotation":0,"scaleX":1,"scaleY":1,"sizePercentX":0.1375,"sizePercentY":0.09166667,"sizeType":0,"tag":101,"touchAble":true,"useMergedTexture":false,"visible":true,"width":44,"x":291,"y":49,"capInsetsHeight":1,"capInsetsWidth":1,"capInsetsX":0,"capInsetsY":0,"disabled":null,"disabledData":{"path":null,"plistFile":null,"resourceType":0},"fontName":"BAUHS93.TTF","fontSize":14,"fontType":0,"normal":null,"normalData":{"path":"social1.png","plistFile":"","resourceType":0},"pressed":null,"pressedData":{"path":"social2.png","plistFile":"","resourceType":0},"scale9Enable":false,"scale9Height":44,"scale9Width":44,"text":"","textColorB":255,"textColorG":255,"textColorR":255}}],"options":{"__type":"PanelSurrogate:#EditorCommon.JsonModel.Component.GUI","classname":"Panel","name":"Panel_14","ZOrder":0,"actiontag":-1,"anchorPointX":0,"anchorPointY":0,"classType":"CocoStudio.EngineAdapterWrap.CSPanel","colorB":255,"colorG":255,"colorR":255,"customProperty":"","flipX":false,"flipY":false,"height":480,"ignoreSize":false,"layoutParameter":null,"opacity":255,"positionPercentX":0,"positionPercentY":0,"positionType":0,"rotation":0,"scaleX":1,"scaleY":1,"sizePercentX":1,"sizePercentY":1,"sizeType":0,"tag":1,"touchAble":false,"useMergedTexture":false,"visible":true,"width":320,"x":0,"y":0,"adaptScreen":true,"backGroundImage":null,"backGroundImageData":null,"backGroundScale9Enable":false,"bgColorB":255,"bgColorG":200,"bgColorOpacity":0,"bgColorR":150,"bgEndColorB":255,"bgEndColorG":200,"bgEndColorR":150,"bgStartColorB":255,"bgStartColorG":255,"bgStartColorR":255,"capInsetsHeight":1,"capInsetsWidth":1,"capInsetsX":0,"capInsetsY":0,"clipAble":false,"colorType":1,"layoutType":0,"vectorX":0,"vectorY":-0.5}}}