{"classname":null,"name":null,"animation":{"classname":null,"name":"AnimationManager","actionlist":[]},"dataScale":1,"designHeight":480,"designWidth":320,"textures":[],"texturesPng":["room.png","sureBt1.png","sureBt2.png","cancelBt1.png","cancelBt2.png","sureIm.png","rr.png","mask.png","ToolsUI.png","toolBt21.png","toolBt22.png","toolBt11.png","toolBt12.png","toolBt31.png","toolBt32.png","3block.png"],"version":"1.6.0.0","widgetTree":{"classname":"Panel","name":null,"children":[{"classname":"Button","name":null,"children":[],"options":{"__type":"ButtonSurrogate:#EditorCommon.JsonModel.Component.GUI","classname":"Button","name":"returnBt","ZOrder":1,"actiontag":29623765,"anchorPointX":0,"anchorPointY":1,"classType":"CocoStudio.EngineAdapterWrap.CSButton","colorB":255,"colorG":255,"colorR":255,"customProperty":"","flipX":false,"flipY":false,"height":48,"ignoreSize":true,"layoutParameter":null,"opacity":255,"positionPercentX":0,"positionPercentY":1,"positionType":0,"rotation":0,"scaleX":1,"scaleY":1,"sizePercentX":0.14375,"sizePercentY":0.1,"sizeType":0,"tag":5,"touchAble":true,"useMergedTexture":false,"visible":true,"width":46,"x":0,"y":480,"capInsetsHeight":1,"capInsetsWidth":1,"capInsetsX":0,"capInsetsY":0,"disabled":null,"disabledData":{"path":null,"plistFile":null,"resourceType":0},"fontName":"yihei.ttf","fontSize":14,"fontType":0,"normal":null,"normalData":{"path":"room.png","plistFile":"","resourceType":0},"pressed":null,"pressedData":{"path":null,"plistFile":null,"resourceType":0},"scale9Enable":false,"scale9Height":48,"scale9Width":46,"text":"","textColorB":255,"textColorG":255,"textColorR":255}},{"classname":"Label","name":null,"children":[],"options":{"__type":"LabelSurrogate:#EditorCommon.JsonModel.Component.GUI","classname":"Label","name":"goldLb","ZOrder":2,"actiontag":32472732,"anchorPointX":0.5,"anchorPointY":0.5,"classType":"CocoStudio.EngineAdapterWrap.CSLabel","colorB":180,"colorG":216,"colorR":222,"customProperty":"","flipX":false,"flipY":false,"height":15,"ignoreSize":true,"layoutParameter":null,"opacity":255,"positionPercentX":0.865625,"positionPercentY":0.952083349,"positionType":0,"rotation":0,"scaleX":1,"scaleY":1,"sizePercentX":0.125,"sizePercentY":0.03125,"sizeType":0,"tag":8,"touchAble":false,"useMergedTexture":false,"visible":true,"width":40,"x":277,"y":457,"areaHeight":0,"areaWidth":0,"fontFile":null,"fontName":"BAUHS93.TTF","fontSize":15,"hAlignment":0,"text":"99999","touchScaleEnable":false,"vAlignment":0}},{"classname":"Label","name":null,"children":[],"options":{"__type":"LabelSurrogate:#EditorCommon.JsonModel.Component.GUI","classname":"Label","name":"sureLb1","ZOrder":6,"actiontag":25162958,"anchorPointX":0.5,"anchorPointY":0.5,"classType":"CocoStudio.EngineAdapterWrap.CSLabel","colorB":16,"colorG":45,"colorR":85,"customProperty":"","flipX":false,"flipY":false,"height":14,"ignoreSize":true,"layoutParameter":null,"opacity":255,"positionPercentX":0.5,"positionPercentY":0.69375,"positionType":0,"rotation":0,"scaleX":1,"scaleY":1,"sizePercentX":0.04375,"sizePercentY":0.0291666668,"sizeType":0,"tag":69,"touchAble":false,"useMergedTexture":false,"visible":true,"width":14,"x":160,"y":333,"areaHeight":0,"areaWidth":0,"fontFile":null,"fontName":"MyriadPro Regular.ttf","fontSize":14,"hAlignment":0,"text":"ok","touchScaleEnable":false,"vAlignment":0}},{"classname":"Button","name":null,"children":[],"options":{"__type":"ButtonSurrogate:#EditorCommon.JsonModel.Component.GUI","classname":"Button","name":"sureBt","ZOrder":6,"actiontag":22235495,"anchorPointX":0.5,"anchorPointY":0.5,"classType":"CocoStudio.EngineAdapterWrap.CSButton","colorB":255,"colorG":255,"colorR":255,"customProperty":"","flipX":false,"flipY":false,"height":30,"ignoreSize":true,"layoutParameter":null,"opacity":255,"positionPercentX":0.325,"positionPercentY":0.5708333,"positionType":0,"rotation":0,"scaleX":1,"scaleY":1,"sizePercentX":0.2875,"sizePercentY":0.0625,"sizeType":0,"tag":71,"touchAble":true,"useMergedTexture":false,"visible":true,"width":92,"x":104,"y":274,"capInsetsHeight":1,"capInsetsWidth":1,"capInsetsX":0,"capInsetsY":0,"disabled":null,"disabledData":{"path":null,"plistFile":null,"resourceType":0},"fontName":"yihei.ttf","fontSize":14,"fontType":0,"normal":null,"normalData":{"path":"sureBt1.png","plistFile":"","resourceType":0},"pressed":null,"pressedData":{"path":"sureBt2.png","plistFile":"","resourceType":0},"scale9Enable":false,"scale9Height":30,"scale9Width":92,"text":"","textColorB":255,"textColorG":255,"textColorR":255}},{"classname":"Button","name":null,"children":[],"options":{"__type":"ButtonSurrogate:#EditorCommon.JsonModel.Component.GUI","classname":"Button","name":"cancelBt","ZOrder":6,"actiontag":66687761,"anchorPointX":0.5,"anchorPointY":0.5,"classType":"CocoStudio.EngineAdapterWrap.CSButton","colorB":255,"colorG":255,"colorR":255,"customProperty":"","flipX":false,"flipY":false,"height":33,"ignoreSize":true,"layoutParameter":null,"opacity":255,"positionPercentX":0.675,"positionPercentY":0.56875,"positionType":0,"rotation":0,"scaleX":1,"scaleY":1,"sizePercentX":0.2875,"sizePercentY":0.06875,"sizeType":0,"tag":72,"touchAble":true,"useMergedTexture":false,"visible":true,"width":92,"x":216,"y":273,"capInsetsHeight":1,"capInsetsWidth":1,"capInsetsX":0,"capInsetsY":0,"disabled":null,"disabledData":{"path":null,"plistFile":null,"resourceType":0},"fontName":"yihei.ttf","fontSize":14,"fontType":0,"normal":null,"normalData":{"path":"cancelBt1.png","plistFile":"","resourceType":0},"pressed":null,"pressedData":{"path":"cancelBt2.png","plistFile":"","resourceType":0},"scale9Enable":false,"scale9Height":33,"scale9Width":92,"text":"","textColorB":255,"textColorG":255,"textColorR":255}},{"classname":"Button","name":null,"children":[],"options":{"__type":"ButtonSurrogate:#EditorCommon.JsonModel.Component.GUI","classname":"Button","name":"sureBt2","ZOrder":6,"actiontag":51109658,"anchorPointX":0.5,"anchorPointY":0.5,"classType":"CocoStudio.EngineAdapterWrap.CSButton","colorB":255,"colorG":255,"colorR":255,"customProperty":"","flipX":false,"flipY":false,"height":30,"ignoreSize":true,"layoutParameter":null,"opacity":255,"positionPercentX":0.5,"positionPercentY":0.5708333,"positionType":0,"rotation":0,"scaleX":1,"scaleY":1,"sizePercentX":0.2875,"sizePercentY":0.0625,"sizeType":0,"tag":78,"touchAble":true,"useMergedTexture":false,"visible":true,"width":92,"x":160,"y":274,"capInsetsHeight":1,"capInsetsWidth":1,"capInsetsX":0,"capInsetsY":0,"disabled":null,"disabledData":{"path":null,"plistFile":null,"resourceType":0},"fontName":"yihei.ttf","fontSize":14,"fontType":0,"normal":null,"normalData":{"path":"sureBt1.png","plistFile":"","resourceType":0},"pressed":null,"pressedData":{"path":"sureBt2.png","plistFile":"","resourceType":0},"scale9Enable":false,"scale9Height":30,"scale9Width":92,"text":"","textColorB":255,"textColorG":255,"textColorR":255}},{"classname":"ImageView","name":null,"children":[],"options":{"__type":"ImageViewSurrogate:#EditorCommon.JsonModel.Component.GUI","classname":"ImageView","name":"sureIm","ZOrder":5,"actiontag":9150720,"anchorPointX":0.5,"anchorPointY":0.5,"classType":"CocoStudio.EngineAdapterWrap.CSImageView","colorB":255,"colorG":255,"colorR":255,"customProperty":"","flipX":false,"flipY":false,"height":169,"ignoreSize":true,"layoutParameter":null,"opacity":255,"positionPercentX":0.5,"positionPercentY":0.660416663,"positionType":0,"rotation":0,"scaleX":1,"scaleY":1,"sizePercentX":0.784375,"sizePercentY":0.352083325,"sizeType":0,"tag":68,"touchAble":false,"useMergedTexture":false,"visible":true,"width":251,"x":160,"y":317,"capInsetsHeight":1,"capInsetsWidth":1,"capInsetsX":0,"capInsetsY":0,"fileName":null,"fileNameData":{"path":"sureIm.png","plistFile":"","resourceType":0},"scale9Enable":false,"scale9Height":169,"scale9Width":251}},{"classname":"ImageView","name":null,"children":[],"options":{"__type":"ImageViewSurrogate:#EditorCommon.JsonModel.Component.GUI","classname":"ImageView","name":"rot","ZOrder":7,"actiontag":24975902,"anchorPointX":0.5,"anchorPointY":0.5,"classType":"CocoStudio.EngineAdapterWrap.CSImageView","colorB":255,"colorG":255,"colorR":255,"customProperty":"","flipX":false,"flipY":false,"height":32,"ignoreSize":true,"layoutParameter":null,"opacity":255,"positionPercentX":0.484375,"positionPercentY":0.48125,"positionType":0,"rotation":0,"scaleX":1,"scaleY":1,"sizePercentX":0.1,"sizePercentY":0.06666667,"sizeType":0,"tag":87,"touchAble":false,"useMergedTexture":false,"visible":true,"width":32,"x":155,"y":231,"capInsetsHeight":1,"capInsetsWidth":1,"capInsetsX":0,"capInsetsY":0,"fileName":null,"fileNameData":{"path":"rr.png","plistFile":"","resourceType":0},"scale9Enable":false,"scale9Height":32,"scale9Width":32}},{"classname":"ImageView","name":null,"children":[],"options":{"__type":"ImageViewSurrogate:#EditorCommon.JsonModel.Component.GUI","classname":"ImageView","name":"mask","ZOrder":4,"actiontag":33868853,"anchorPointX":0,"anchorPointY":0,"classType":"CocoStudio.EngineAdapterWrap.CSImageView","colorB":255,"colorG":255,"colorR":255,"customProperty":"","flipX":false,"flipY":false,"height":480,"ignoreSize":true,"layoutParameter":null,"opacity":255,"positionPercentX":0,"positionPercentY":0,"positionType":0,"rotation":0,"scaleX":1,"scaleY":1,"sizePercentX":1,"sizePercentY":1,"sizeType":0,"tag":83,"touchAble":false,"useMergedTexture":false,"visible":false,"width":320,"x":0,"y":0,"capInsetsHeight":1,"capInsetsWidth":1,"capInsetsX":0,"capInsetsY":0,"fileName":null,"fileNameData":{"path":"mask.png","plistFile":"","resourceType":0},"scale9Enable":false,"scale9Height":480,"scale9Width":320}},{"classname":"ImageView","name":null,"children":[],"options":{"__type":"ImageViewSurrogate:#EditorCommon.JsonModel.Component.GUI","classname":"ImageView","name":"backgroundIm","ZOrder":0,"actiontag":13795340,"anchorPointX":0,"anchorPointY":0,"classType":"CocoStudio.EngineAdapterWrap.CSImageView","colorB":255,"colorG":255,"colorR":255,"customProperty":"","flipX":false,"flipY":false,"height":480,"ignoreSize":true,"layoutParameter":null,"opacity":255,"positionPercentX":0,"positionPercentY":0,"positionType":0,"rotation":0,"scaleX":1,"scaleY":1,"sizePercentX":1,"sizePercentY":1,"sizeType":0,"tag":4,"touchAble":false,"useMergedTexture":false,"visible":true,"width":320,"x":0,"y":0,"capInsetsHeight":1,"capInsetsWidth":1,"capInsetsX":0,"capInsetsY":0,"fileName":null,"fileNameData":{"path":"ToolsUI.png","plistFile":"","resourceType":0},"scale9Enable":false,"scale9Height":480,"scale9Width":320}},{"classname":"Button","name":null,"children":[],"options":{"__type":"ButtonSurrogate:#EditorCommon.JsonModel.Component.GUI","classname":"Button","name":"bt2","ZOrder":2,"actiontag":29320884,"anchorPointX":0.5,"anchorPointY":0.5,"classType":"CocoStudio.EngineAdapterWrap.CSButton","colorB":255,"colorG":255,"colorR":255,"customProperty":"","flipX":false,"flipY":false,"height":61,"ignoreSize":true,"layoutParameter":null,"opacity":255,"positionPercentX":0.503125,"positionPercentY":0.86875,"positionType":0,"rotation":0,"scaleX":1,"scaleY":1,"sizePercentX":0.3125,"sizePercentY":0.127083331,"sizeType":0,"tag":22,"touchAble":true,"useMergedTexture":false,"visible":true,"width":100,"x":161,"y":417,"capInsetsHeight":1,"capInsetsWidth":1,"capInsetsX":0,"capInsetsY":0,"disabled":null,"disabledData":{"path":null,"plistFile":null,"resourceType":0},"fontName":"yihei.ttf","fontSize":14,"fontType":0,"normal":null,"normalData":{"path":"toolBt21.png","plistFile":"","resourceType":0},"pressed":null,"pressedData":{"path":"toolBt22.png","plistFile":"","resourceType":0},"scale9Enable":false,"scale9Height":61,"scale9Width":100,"text":"","textColorB":255,"textColorG":255,"textColorR":255}},{"classname":"Button","name":null,"children":[],"options":{"__type":"ButtonSurrogate:#EditorCommon.JsonModel.Component.GUI","classname":"Button","name":"bt1","ZOrder":2,"actiontag":8960865,"anchorPointX":0.5,"anchorPointY":0.5,"classType":"CocoStudio.EngineAdapterWrap.CSButton","colorB":255,"colorG":255,"colorR":255,"customProperty":"","flipX":false,"flipY":false,"height":61,"ignoreSize":true,"layoutParameter":null,"opacity":255,"positionPercentX":0.25,"positionPercentY":0.86875,"positionType":0,"rotation":0,"scaleX":1,"scaleY":1,"sizePercentX":0.3125,"sizePercentY":0.127083331,"sizeType":0,"tag":24,"touchAble":true,"useMergedTexture":false,"visible":true,"width":100,"x":80,"y":417,"capInsetsHeight":1,"capInsetsWidth":1,"capInsetsX":0,"capInsetsY":0,"disabled":null,"disabledData":{"path":null,"plistFile":null,"resourceType":0},"fontName":"yihei.ttf","fontSize":14,"fontType":0,"normal":null,"normalData":{"path":"toolBt11.png","plistFile":"","resourceType":0},"pressed":null,"pressedData":{"path":"toolBt12.png","plistFile":"","resourceType":0},"scale9Enable":false,"scale9Height":61,"scale9Width":100,"text":"","textColorB":255,"textColorG":255,"textColorR":255}},{"classname":"Button","name":null,"children":[],"options":{"__type":"ButtonSurrogate:#EditorCommon.JsonModel.Component.GUI","classname":"Button","name":"bt3","ZOrder":2,"actiontag":47510811,"anchorPointX":0.5,"anchorPointY":0.5,"classType":"CocoStudio.EngineAdapterWrap.CSButton","colorB":255,"colorG":255,"colorR":255,"customProperty":"","flipX":false,"flipY":false,"height":61,"ignoreSize":true,"layoutParameter":null,"opacity":255,"positionPercentX":0.75625,"positionPercentY":0.86875,"positionType":0,"rotation":0,"scaleX":1,"scaleY":1,"sizePercentX":0.3125,"sizePercentY":0.127083331,"sizeType":0,"tag":62,"touchAble":true,"useMergedTexture":false,"visible":true,"width":100,"x":242,"y":417,"capInsetsHeight":1,"capInsetsWidth":1,"capInsetsX":0,"capInsetsY":0,"disabled":null,"disabledData":{"path":null,"plistFile":null,"resourceType":0},"fontName":"yihei.ttf","fontSize":14,"fontType":0,"normal":null,"normalData":{"path":"toolBt31.png","plistFile":"","resourceType":0},"pressed":null,"pressedData":{"path":"toolBt32.png","plistFile":"","resourceType":0},"scale9Enable":false,"scale9Height":61,"scale9Width":100,"text":"","textColorB":255,"textColorG":255,"textColorR":255}},{"classname":"ImageView","name":null,"children":[],"options":{"__type":"ImageViewSurrogate:#EditorCommon.JsonModel.Component.GUI","classname":"ImageView","name":"Image_17","ZOrder":1,"actiontag":38168783,"anchorPointX":0.5,"anchorPointY":0.5,"classType":"CocoStudio.EngineAdapterWrap.CSImageView","colorB":255,"colorG":255,"colorR":255,"customProperty":"","flipX":false,"flipY":false,"height":50,"ignoreSize":true,"layoutParameter":null,"opacity":255,"positionPercentX":0.5,"positionPercentY":0.877083361,"positionType":0,"rotation":0,"scaleX":1,"scaleY":1,"sizePercentX":0.775,"sizePercentY":0.104166664,"sizeType":0,"tag":93,"touchAble":false,"useMergedTexture":false,"visible":true,"width":248,"x":160,"y":421,"capInsetsHeight":1,"capInsetsWidth":1,"capInsetsX":0,"capInsetsY":0,"fileName":null,"fileNameData":{"path":"3block.png","plistFile":"","resourceType":0},"scale9Enable":false,"scale9Height":50,"scale9Width":248}}],"options":{"__type":"PanelSurrogate:#EditorCommon.JsonModel.Component.GUI","classname":"Panel","name":"Panel_14","ZOrder":0,"actiontag":-1,"anchorPointX":0,"anchorPointY":0,"classType":"CocoStudio.EngineAdapterWrap.CSPanel","colorB":255,"colorG":255,"colorR":255,"customProperty":"","flipX":false,"flipY":false,"height":480,"ignoreSize":false,"layoutParameter":null,"opacity":255,"positionPercentX":0,"positionPercentY":0,"positionType":0,"rotation":0,"scaleX":1,"scaleY":1,"sizePercentX":1,"sizePercentY":1,"sizeType":0,"tag":3,"touchAble":true,"useMergedTexture":false,"visible":true,"width":320,"x":0,"y":0,"adaptScreen":false,"backGroundImage":null,"backGroundImageData":null,"backGroundScale9Enable":false,"bgColorB":255,"bgColorG":200,"bgColorOpacity":0,"bgColorR":150,"bgEndColorB":255,"bgEndColorG":200,"bgEndColorR":150,"bgStartColorB":255,"bgStartColorG":255,"bgStartColorR":255,"capInsetsHeight":1,"capInsetsWidth":1,"capInsetsX":0,"capInsetsY":0,"clipAble":false,"colorType":1,"layoutType":0,"vectorX":0,"vectorY":-0.5}}}