{"classname":null,"name":null,"animation":{"classname":null,"name":"AnimationManager","actionlist":[]},"dataScale":1,"designHeight":480,"designWidth":320,"textures":[],"texturesPng":["gbt11.png","gbt12.png","gbt31.png","gbt32.png","gbt21.png","gbt22.png","gbt41.png","gbt42.png","mspass1.png","mspass2.png","gbt51.png","gbt52.png","gett1.png","gett2.png","finger1.png","mask1.png","background.png","im11.png","im12.png","im13.png","im14.png","im15.png","im16.png","gbt61.png","gbt62.png","cannotmove.png","return.png","missionN21.png","confirm3.png","confirm4.png","msbackground.png","tutorial26.png","tbar.png"],"version":"1.6.0.0","widgetTree":{"classname":"Panel","name":null,"children":[{"classname":"Label","name":null,"children":[],"options":{"__type":"LabelSurrogate:#EditorCommon.JsonModel.Component.GUI","classname":"Label","name":"titleLb","ZOrder":2,"actiontag":33004241,"anchorPointX":0.5,"anchorPointY":0.5,"classType":"CocoStudio.EngineAdapterWrap.CSLabel","colorB":19,"colorG":69,"colorR":139,"customProperty":"","flipX":false,"flipY":false,"height":13,"ignoreSize":true,"layoutParameter":null,"opacity":255,"positionPercentX":0.296875,"positionPercentY":0.9375,"positionType":0,"rotation":0,"scaleX":1,"scaleY":1,"sizePercentX":0.175,"sizePercentY":0.0270833336,"sizeType":0,"tag":108,"touchAble":false,"useMergedTexture":false,"visible":true,"width":56,"x":95,"y":450,"areaHeight":0,"areaWidth":0,"fontFile":null,"fontName":"MyriadPro Regular.ttf","fontSize":13,"hAlignment":0,"text":"Tutorial","touchScaleEnable":false,"vAlignment":0}},{"classname":"Button","name":null,"children":[],"options":{"__type":"ButtonSurrogate:#EditorCommon.JsonModel.Component.GUI","classname":"Button","name":"resetBt","ZOrder":1,"actiontag":48986392,"anchorPointX":0.5,"anchorPointY":0.5,"classType":"CocoStudio.EngineAdapterWrap.CSButton","colorB":255,"colorG":255,"colorR":255,"customProperty":"","flipX":false,"flipY":false,"height":39,"ignoreSize":true,"layoutParameter":null,"opacity":255,"positionPercentX":0.715625,"positionPercentY":0.872916639,"positionType":0,"rotation":0,"scaleX":1,"scaleY":1,"sizePercentX":0.1875,"sizePercentY":0.08125,"sizeType":0,"tag":140,"touchAble":true,"useMergedTexture":false,"visible":true,"width":60,"x":229,"y":419,"capInsetsHeight":1,"capInsetsWidth":1,"capInsetsX":0,"capInsetsY":0,"disabled":null,"disabledData":{"path":null,"plistFile":null,"resourceType":0},"fontName":"yihei.ttf","fontSize":14,"fontType":0,"normal":null,"normalData":{"path":"gbt11.png","plistFile":"","resourceType":0},"pressed":null,"pressedData":{"path":"gbt12.png","plistFile":"","resourceType":0},"scale9Enable":false,"scale9Height":39,"scale9Width":60,"text":"","textColorB":255,"textColorG":255,"textColorR":255}},{"classname":"Button","name":null,"children":[],"options":{"__type":"ButtonSurrogate:#EditorCommon.JsonModel.Component.GUI","classname":"Button","name":"add1Bt","ZOrder":1,"actiontag":60071975,"anchorPointX":0.5,"anchorPointY":0.5,"classType":"CocoStudio.EngineAdapterWrap.CSButton","colorB":255,"colorG":255,"colorR":255,"customProperty":"","flipX":false,"flipY":false,"height":39,"ignoreSize":true,"layoutParameter":null,"opacity":255,"positionPercentX":0.89375,"positionPercentY":0.870833337,"positionType":0,"rotation":0,"scaleX":1,"scaleY":1,"sizePercentX":0.1875,"sizePercentY":0.08125,"sizeType":0,"tag":142,"touchAble":true,"useMergedTexture":false,"visible":true,"width":60,"x":286,"y":418,"capInsetsHeight":1,"capInsetsWidth":1,"capInsetsX":0,"capInsetsY":0,"disabled":null,"disabledData":{"path":null,"plistFile":null,"resourceType":0},"fontName":"yihei.ttf","fontSize":14,"fontType":0,"normal":null,"normalData":{"path":"gbt31.png","plistFile":"","resourceType":0},"pressed":null,"pressedData":{"path":"gbt32.png","plistFile":"","resourceType":0},"scale9Enable":false,"scale9Height":39,"scale9Width":60,"text":"","textColorB":255,"textColorG":255,"textColorR":255}},{"classname":"Button","name":null,"children":[],"options":{"__type":"ButtonSurrogate:#EditorCommon.JsonModel.Component.GUI","classname":"Button","name":"undoBt","ZOrder":1,"actiontag":57579302,"anchorPointX":0.5,"anchorPointY":0.5,"classType":"CocoStudio.EngineAdapterWrap.CSButton","colorB":255,"colorG":255,"colorR":255,"customProperty":"","flipX":false,"flipY":false,"height":39,"ignoreSize":true,"layoutParameter":null,"opacity":255,"positionPercentX":0.715625,"positionPercentY":0.795833349,"positionType":0,"rotation":0,"scaleX":1,"scaleY":1,"sizePercentX":0.1875,"sizePercentY":0.08125,"sizeType":0,"tag":143,"touchAble":true,"useMergedTexture":false,"visible":true,"width":60,"x":229,"y":382,"capInsetsHeight":1,"capInsetsWidth":1,"capInsetsX":0,"capInsetsY":0,"disabled":null,"disabledData":{"path":null,"plistFile":null,"resourceType":0},"fontName":"yihei.ttf","fontSize":14,"fontType":0,"normal":null,"normalData":{"path":"gbt21.png","plistFile":"","resourceType":0},"pressed":null,"pressedData":{"path":"gbt22.png","plistFile":"","resourceType":0},"scale9Enable":false,"scale9Height":39,"scale9Width":60,"text":"","textColorB":255,"textColorG":255,"textColorR":255}},{"classname":"Button","name":null,"children":[],"options":{"__type":"ButtonSurrogate:#EditorCommon.JsonModel.Component.GUI","classname":"Button","name":"swapBt","ZOrder":1,"actiontag":57495481,"anchorPointX":0.5,"anchorPointY":0.5,"classType":"CocoStudio.EngineAdapterWrap.CSButton","colorB":255,"colorG":255,"colorR":255,"customProperty":"","flipX":false,"flipY":false,"height":39,"ignoreSize":true,"layoutParameter":null,"opacity":255,"positionPercentX":0.89375,"positionPercentY":0.795833349,"positionType":0,"rotation":0,"scaleX":1,"scaleY":1,"sizePercentX":0.1875,"sizePercentY":0.08125,"sizeType":0,"tag":144,"touchAble":true,"useMergedTexture":false,"visible":true,"width":60,"x":286,"y":382,"capInsetsHeight":1,"capInsetsWidth":1,"capInsetsX":0,"capInsetsY":0,"disabled":null,"disabledData":{"path":null,"plistFile":null,"resourceType":0},"fontName":"yihei.ttf","fontSize":14,"fontType":0,"normal":null,"normalData":{"path":"gbt41.png","plistFile":"","resourceType":0},"pressed":null,"pressedData":{"path":"gbt42.png","plistFile":"","resourceType":0},"scale9Enable":false,"scale9Height":39,"scale9Width":60,"text":"","textColorB":255,"textColorG":255,"textColorR":255}},{"classname":"Button","name":null,"children":[],"options":{"__type":"ButtonSurrogate:#EditorCommon.JsonModel.Component.GUI","classname":"Button","name":"passBt","ZOrder":5,"actiontag":16114829,"anchorPointX":0.5,"anchorPointY":0.5,"classType":"CocoStudio.EngineAdapterWrap.CSButton","colorB":255,"colorG":255,"colorR":255,"customProperty":"","flipX":false,"flipY":false,"height":35,"ignoreSize":true,"layoutParameter":null,"opacity":255,"positionPercentX":0.309375,"positionPercentY":0.8,"positionType":0,"rotation":0,"scaleX":1,"scaleY":1,"sizePercentX":0.575,"sizePercentY":0.0729166642,"sizeType":0,"tag":147,"touchAble":true,"useMergedTexture":false,"visible":true,"width":184,"x":99,"y":384,"capInsetsHeight":1,"capInsetsWidth":1,"capInsetsX":0,"capInsetsY":0,"disabled":null,"disabledData":{"path":null,"plistFile":null,"resourceType":0},"fontName":"yihei.ttf","fontSize":14,"fontType":0,"normal":null,"normalData":{"path":"mspass1.png","plistFile":"","resourceType":0},"pressed":null,"pressedData":{"path":"mspass2.png","plistFile":"","resourceType":0},"scale9Enable":false,"scale9Height":35,"scale9Width":184,"text":"","textColorB":255,"textColorG":255,"textColorR":255}},{"classname":"Button","name":null,"children":[],"options":{"__type":"ButtonSurrogate:#EditorCommon.JsonModel.Component.GUI","classname":"Button","name":"shareBt","ZOrder":1,"actiontag":33416266,"anchorPointX":0.5,"anchorPointY":0.5,"classType":"CocoStudio.EngineAdapterWrap.CSButton","colorB":255,"colorG":255,"colorR":255,"customProperty":"","flipX":false,"flipY":false,"height":39,"ignoreSize":true,"layoutParameter":null,"opacity":255,"positionPercentX":0.89375,"positionPercentY":0.9479167,"positionType":0,"rotation":0,"scaleX":1,"scaleY":1,"sizePercentX":0.1875,"sizePercentY":0.08125,"sizeType":0,"tag":146,"touchAble":true,"useMergedTexture":false,"visible":true,"width":60,"x":286,"y":455,"capInsetsHeight":1,"capInsetsWidth":1,"capInsetsX":0,"capInsetsY":0,"disabled":null,"disabledData":{"path":null,"plistFile":null,"resourceType":0},"fontName":"yihei.ttf","fontSize":14,"fontType":0,"normal":null,"normalData":{"path":"gbt51.png","plistFile":"","resourceType":0},"pressed":null,"pressedData":{"path":"gbt52.png","plistFile":"","resourceType":0},"scale9Enable":false,"scale9Height":39,"scale9Width":60,"text":"","textColorB":255,"textColorG":255,"textColorR":255}},{"classname":"Button","name":null,"children":[],"options":{"__type":"ButtonSurrogate:#EditorCommon.JsonModel.Component.GUI","classname":"Button","name":"getBt","ZOrder":6,"actiontag":35351810,"anchorPointX":0.5,"anchorPointY":0.5,"classType":"CocoStudio.EngineAdapterWrap.CSButton","colorB":255,"colorG":255,"colorR":255,"customProperty":"","flipX":false,"flipY":false,"height":40,"ignoreSize":true,"layoutParameter":null,"opacity":255,"positionPercentX":0.525,"positionPercentY":0.954166651,"positionType":0,"rotation":0,"scaleX":1,"scaleY":1,"sizePercentX":0.1875,"sizePercentY":0.0833333358,"sizeType":0,"tag":219,"touchAble":true,"useMergedTexture":false,"visible":true,"width":60,"x":168,"y":458,"capInsetsHeight":1,"capInsetsWidth":1,"capInsetsX":0,"capInsetsY":0,"disabled":null,"disabledData":{"path":null,"plistFile":null,"resourceType":0},"fontName":"yihei.ttf","fontSize":14,"fontType":0,"normal":null,"normalData":{"path":"gett1.png","plistFile":"","resourceType":0},"pressed":null,"pressedData":{"path":"gett2.png","plistFile":"","resourceType":0},"scale9Enable":false,"scale9Height":40,"scale9Width":60,"text":"","textColorB":255,"textColorG":255,"textColorR":255}},{"classname":"ImageView","name":null,"children":[],"options":{"__type":"ImageViewSurrogate:#EditorCommon.JsonModel.Component.GUI","classname":"ImageView","name":"fingerIm","ZOrder":6,"actiontag":6786779,"anchorPointX":0.5,"anchorPointY":0.5,"classType":"CocoStudio.EngineAdapterWrap.CSImageView","colorB":255,"colorG":255,"colorR":255,"customProperty":"","flipX":false,"flipY":false,"height":70,"ignoreSize":true,"layoutParameter":null,"opacity":255,"positionPercentX":0.19375,"positionPercentY":0.5875,"positionType":0,"rotation":0,"scaleX":1,"scaleY":1,"sizePercentX":0.2,"sizePercentY":0.145833328,"sizeType":0,"tag":223,"touchAble":false,"useMergedTexture":false,"visible":true,"width":64,"x":62,"y":282,"capInsetsHeight":1,"capInsetsWidth":1,"capInsetsX":0,"capInsetsY":0,"fileName":null,"fileNameData":{"path":"finger1.png","plistFile":"","resourceType":0},"scale9Enable":false,"scale9Height":70,"scale9Width":64}},{"classname":"ImageView","name":null,"children":[],"options":{"__type":"ImageViewSurrogate:#EditorCommon.JsonModel.Component.GUI","classname":"ImageView","name":"mask1","ZOrder":5,"actiontag":12442488,"anchorPointX":0.5,"anchorPointY":0.5,"classType":"CocoStudio.EngineAdapterWrap.CSImageView","colorB":255,"colorG":255,"colorR":255,"customProperty":"","flipX":false,"flipY":false,"height":320,"ignoreSize":true,"layoutParameter":null,"opacity":255,"positionPercentX":0.5,"positionPercentY":0.404166669,"positionType":0,"rotation":0,"scaleX":1,"scaleY":1,"sizePercentX":1,"sizePercentY":0.6666667,"sizeType":0,"tag":220,"touchAble":true,"useMergedTexture":false,"visible":true,"width":320,"x":160,"y":194,"capInsetsHeight":1,"capInsetsWidth":1,"capInsetsX":0,"capInsetsY":0,"fileName":null,"fileNameData":{"path":"mask1.png","plistFile":"","resourceType":0},"scale9Enable":false,"scale9Height":320,"scale9Width":320}},{"classname":"ImageView","name":null,"children":[],"options":{"__type":"ImageViewSurrogate:#EditorCommon.JsonModel.Component.GUI","classname":"ImageView","name":"backgroundIm","ZOrder":0,"actiontag":2,"anchorPointX":0,"anchorPointY":0,"classType":"CocoStudio.EngineAdapterWrap.CSImageView","colorB":255,"colorG":255,"colorR":255,"customProperty":"","flipX":false,"flipY":false,"height":480,"ignoreSize":true,"layoutParameter":null,"opacity":255,"positionPercentX":0,"positionPercentY":0,"positionType":1,"rotation":0,"scaleX":1,"scaleY":1,"sizePercentX":1,"sizePercentY":1,"sizeType":0,"tag":24,"touchAble":false,"useMergedTexture":false,"visible":true,"width":320,"x":0,"y":0,"capInsetsHeight":1,"capInsetsWidth":1,"capInsetsX":0,"capInsetsY":0,"fileName":null,"fileNameData":{"path":"background.png","plistFile":"","resourceType":0},"scale9Enable":false,"scale9Height":480,"scale9Width":320}},{"classname":"Panel","name":null,"children":[],"options":{"__type":"PanelSurrogate:#EditorCommon.JsonModel.Component.GUI","classname":"Panel","name":"Panel","ZOrder":5,"actiontag":5,"anchorPointX":0,"anchorPointY":0,"classType":"CocoStudio.EngineAdapterWrap.CSPanel","colorB":255,"colorG":255,"colorR":255,"customProperty":"","flipX":false,"flipY":false,"height":0.01,"ignoreSize":false,"layoutParameter":null,"opacity":255,"positionPercentX":0.01875,"positionPercentY":0.108333334,"positionType":1,"rotation":0,"scaleX":1,"scaleY":1,"sizePercentX":3.12499978E-05,"sizePercentY":2.08333331E-05,"sizeType":1,"tag":14,"touchAble":false,"useMergedTexture":false,"visible":true,"width":0.01,"x":6,"y":52,"adaptScreen":false,"backGroundImage":null,"backGroundImageData":null,"backGroundScale9Enable":false,"bgColorB":255,"bgColorG":200,"bgColorOpacity":0,"bgColorR":150,"bgEndColorB":255,"bgEndColorG":200,"bgEndColorR":150,"bgStartColorB":255,"bgStartColorG":255,"bgStartColorR":255,"capInsetsHeight":1,"capInsetsWidth":1,"capInsetsX":0,"capInsetsY":0,"clipAble":false,"colorType":1,"layoutType":0,"vectorX":0,"vectorY":-0.5}},{"classname":"ImageView","name":null,"children":[],"options":{"__type":"ImageViewSurrogate:#EditorCommon.JsonModel.Component.GUI","classname":"ImageView","name":"im1","ZOrder":2,"actiontag":18503480,"anchorPointX":0.5,"anchorPointY":0.5,"classType":"CocoStudio.EngineAdapterWrap.CSImageView","colorB":255,"colorG":255,"colorR":255,"customProperty":"","flipX":false,"flipY":false,"height":48,"ignoreSize":true,"layoutParameter":null,"opacity":255,"positionPercentX":0.725,"positionPercentY":0.964583337,"positionType":0,"rotation":0,"scaleX":1,"scaleY":1,"sizePercentX":0.2,"sizePercentY":0.1,"sizeType":0,"tag":207,"touchAble":false,"useMergedTexture":false,"visible":true,"width":64,"x":232,"y":463,"capInsetsHeight":1,"capInsetsWidth":1,"capInsetsX":0,"capInsetsY":0,"fileName":null,"fileNameData":{"path":"im11.png","plistFile":"","resourceType":0},"scale9Enable":false,"scale9Height":48,"scale9Width":64}},{"classname":"ImageView","name":null,"children":[],"options":{"__type":"ImageViewSurrogate:#EditorCommon.JsonModel.Component.GUI","classname":"ImageView","name":"im2","ZOrder":2,"actiontag":50938166,"anchorPointX":0.5,"anchorPointY":0.5,"classType":"CocoStudio.EngineAdapterWrap.CSImageView","colorB":255,"colorG":255,"colorR":255,"customProperty":"","flipX":false,"flipY":false,"height":48,"ignoreSize":true,"layoutParameter":null,"opacity":255,"positionPercentX":0.903125,"positionPercentY":0.9625,"positionType":0,"rotation":0,"scaleX":1,"scaleY":1,"sizePercentX":0.2,"sizePercentY":0.1,"sizeType":0,"tag":209,"touchAble":false,"useMergedTexture":false,"visible":true,"width":64,"x":289,"y":462,"capInsetsHeight":1,"capInsetsWidth":1,"capInsetsX":0,"capInsetsY":0,"fileName":null,"fileNameData":{"path":"im12.png","plistFile":"","resourceType":0},"scale9Enable":false,"scale9Height":48,"scale9Width":64}},{"classname":"ImageView","name":null,"children":[],"options":{"__type":"ImageViewSurrogate:#EditorCommon.JsonModel.Component.GUI","classname":"ImageView","name":"im3","ZOrder":2,"actiontag":60242284,"anchorPointX":0.5,"anchorPointY":0.5,"classType":"CocoStudio.EngineAdapterWrap.CSImageView","colorB":255,"colorG":255,"colorR":255,"customProperty":"","flipX":false,"flipY":false,"height":48,"ignoreSize":true,"layoutParameter":null,"opacity":255,"positionPercentX":0.725,"positionPercentY":0.904166639,"positionType":0,"rotation":0,"scaleX":1,"scaleY":1,"sizePercentX":0.2,"sizePercentY":0.1,"sizeType":0,"tag":211,"touchAble":false,"useMergedTexture":false,"visible":true,"width":64,"x":232,"y":434,"capInsetsHeight":1,"capInsetsWidth":1,"capInsetsX":0,"capInsetsY":0,"fileName":null,"fileNameData":{"path":"im13.png","plistFile":"","resourceType":0},"scale9Enable":false,"scale9Height":48,"scale9Width":64}},{"classname":"ImageView","name":null,"children":[],"options":{"__type":"ImageViewSurrogate:#EditorCommon.JsonModel.Component.GUI","classname":"ImageView","name":"im4","ZOrder":2,"actiontag":62929749,"anchorPointX":0.5,"anchorPointY":0.5,"classType":"CocoStudio.EngineAdapterWrap.CSImageView","colorB":255,"colorG":255,"colorR":255,"customProperty":"","flipX":false,"flipY":false,"height":48,"ignoreSize":true,"layoutParameter":null,"opacity":255,"positionPercentX":0.903125,"positionPercentY":0.904166639,"positionType":0,"rotation":0,"scaleX":1,"scaleY":1,"sizePercentX":0.2,"sizePercentY":0.1,"sizeType":0,"tag":212,"touchAble":false,"useMergedTexture":false,"visible":true,"width":64,"x":289,"y":434,"capInsetsHeight":1,"capInsetsWidth":1,"capInsetsX":0,"capInsetsY":0,"fileName":null,"fileNameData":{"path":"im14.png","plistFile":"","resourceType":0},"scale9Enable":false,"scale9Height":48,"scale9Width":64}},{"classname":"ImageView","name":null,"children":[],"options":{"__type":"ImageViewSurrogate:#EditorCommon.JsonModel.Component.GUI","classname":"ImageView","name":"im5","ZOrder":2,"actiontag":46374074,"anchorPointX":0.5,"anchorPointY":0.5,"classType":"CocoStudio.EngineAdapterWrap.CSImageView","colorB":255,"colorG":255,"colorR":255,"customProperty":"","flipX":false,"flipY":false,"height":48,"ignoreSize":true,"layoutParameter":null,"opacity":255,"positionPercentX":0.725,"positionPercentY":0.829166651,"positionType":0,"rotation":0,"scaleX":1,"scaleY":1,"sizePercentX":0.2,"sizePercentY":0.1,"sizeType":0,"tag":213,"touchAble":false,"useMergedTexture":false,"visible":true,"width":64,"x":232,"y":398,"capInsetsHeight":1,"capInsetsWidth":1,"capInsetsX":0,"capInsetsY":0,"fileName":null,"fileNameData":{"path":"im15.png","plistFile":"","resourceType":0},"scale9Enable":false,"scale9Height":48,"scale9Width":64}},{"classname":"ImageView","name":null,"children":[],"options":{"__type":"ImageViewSurrogate:#EditorCommon.JsonModel.Component.GUI","classname":"ImageView","name":"im6","ZOrder":2,"actiontag":53052407,"anchorPointX":0.5,"anchorPointY":0.5,"classType":"CocoStudio.EngineAdapterWrap.CSImageView","colorB":255,"colorG":255,"colorR":255,"customProperty":"","flipX":false,"flipY":false,"height":48,"ignoreSize":true,"layoutParameter":null,"opacity":255,"positionPercentX":0.90625,"positionPercentY":0.827083349,"positionType":0,"rotation":0,"scaleX":1,"scaleY":1,"sizePercentX":0.2,"sizePercentY":0.1,"sizeType":0,"tag":214,"touchAble":false,"useMergedTexture":false,"visible":true,"width":64,"x":290,"y":397,"capInsetsHeight":1,"capInsetsWidth":1,"capInsetsX":0,"capInsetsY":0,"fileName":null,"fileNameData":{"path":"im16.png","plistFile":"","resourceType":0},"scale9Enable":false,"scale9Height":48,"scale9Width":64}},{"classname":"Button","name":null,"children":[],"options":{"__type":"ButtonSurrogate:#EditorCommon.JsonModel.Component.GUI","classname":"Button","name":"missionBt","ZOrder":1,"actiontag":32979301,"anchorPointX":0.5,"anchorPointY":0.5,"classType":"CocoStudio.EngineAdapterWrap.CSButton","colorB":255,"colorG":255,"colorR":255,"customProperty":"","flipX":false,"flipY":false,"height":39,"ignoreSize":true,"layoutParameter":null,"opacity":255,"positionPercentX":0.715625,"positionPercentY":0.95,"positionType":0,"rotation":0,"scaleX":1,"scaleY":1,"sizePercentX":0.1875,"sizePercentY":0.08125,"sizeType":0,"tag":33,"touchAble":true,"useMergedTexture":false,"visible":true,"width":60,"x":229,"y":456,"capInsetsHeight":1,"capInsetsWidth":1,"capInsetsX":0,"capInsetsY":0,"disabled":null,"disabledData":{"path":null,"plistFile":null,"resourceType":0},"fontName":"yihei.ttf","fontSize":14,"fontType":0,"normal":null,"normalData":{"path":"gbt61.png","plistFile":"","resourceType":0},"pressed":null,"pressedData":{"path":"gbt62.png","plistFile":"","resourceType":0},"scale9Enable":false,"scale9Height":39,"scale9Width":60,"text":"","textColorB":255,"textColorG":255,"textColorR":255}},{"classname":"Label","name":null,"children":[],"options":{"__type":"LabelSurrogate:#EditorCommon.JsonModel.Component.GUI","classname":"Label","name":"score1Lb","ZOrder":2,"actiontag":3,"anchorPointX":0,"anchorPointY":0.5,"classType":"CocoStudio.EngineAdapterWrap.CSLabel","colorB":0,"colorG":130,"colorR":200,"customProperty":"","flipX":false,"flipY":false,"height":16,"ignoreSize":true,"layoutParameter":null,"opacity":255,"positionPercentX":0.13125,"positionPercentY":0.8,"positionType":0,"rotation":0,"scaleX":1,"scaleY":0.9999999,"sizePercentX":0.075,"sizePercentY":0.0333333351,"sizeType":0,"tag":4,"touchAble":false,"useMergedTexture":false,"visible":true,"width":24,"x":42,"y":384,"areaHeight":0,"areaWidth":0,"fontFile":null,"fontName":"BAUHS93.TTF","fontSize":16,"hAlignment":0,"text":"111","touchScaleEnable":false,"vAlignment":0}},{"classname":"Label","name":null,"children":[],"options":{"__type":"LabelSurrogate:#EditorCommon.JsonModel.Component.GUI","classname":"Label","name":"score2Lb","ZOrder":2,"actiontag":6,"anchorPointX":0,"anchorPointY":0.5,"classType":"CocoStudio.EngineAdapterWrap.CSLabel","colorB":0,"colorG":130,"colorR":200,"customProperty":"","flipX":false,"flipY":false,"height":16,"ignoreSize":true,"layoutParameter":null,"opacity":255,"positionPercentX":0.13125,"positionPercentY":0.860416651,"positionType":0,"rotation":0,"scaleX":1,"scaleY":0.999999464,"sizePercentX":0.075,"sizePercentY":0.0333333351,"sizeType":0,"tag":16,"touchAble":false,"useMergedTexture":false,"visible":true,"width":24,"x":42,"y":413,"areaHeight":0,"areaWidth":0,"fontFile":null,"fontName":"BAUHS93.TTF","fontSize":16,"hAlignment":0,"text":"222","touchScaleEnable":false,"vAlignment":0}},{"classname":"ImageView","name":null,"children":[],"options":{"__type":"ImageViewSurrogate:#EditorCommon.JsonModel.Component.GUI","classname":"ImageView","name":"cnMoveIm","ZOrder":3,"actiontag":26063997,"anchorPointX":0.5,"anchorPointY":0.5,"classType":"CocoStudio.EngineAdapterWrap.CSImageView","colorB":255,"colorG":255,"colorR":255,"customProperty":"","flipX":false,"flipY":false,"height":27,"ignoreSize":true,"layoutParameter":null,"opacity":255,"positionPercentX":0.284375,"positionPercentY":0.785416663,"positionType":0,"rotation":0,"scaleX":1,"scaleY":1,"sizePercentX":0.5375,"sizePercentY":0.05625,"sizeType":0,"tag":274,"touchAble":false,"useMergedTexture":false,"visible":false,"width":172,"x":91,"y":377,"capInsetsHeight":1,"capInsetsWidth":1,"capInsetsX":0,"capInsetsY":0,"fileName":null,"fileNameData":{"path":"cannotmove.png","plistFile":"","resourceType":0},"scale9Enable":false,"scale9Height":27,"scale9Width":172}},{"classname":"Label","name":null,"children":[],"options":{"__type":"LabelSurrogate:#EditorCommon.JsonModel.Component.GUI","classname":"Label","name":"ctLb1","ZOrder":1,"actiontag":24551944,"anchorPointX":0,"anchorPointY":0.5,"classType":"CocoStudio.EngineAdapterWrap.CSLabel","colorB":0,"colorG":130,"colorR":200,"customProperty":"","flipX":false,"flipY":false,"height":17,"ignoreSize":true,"layoutParameter":null,"opacity":255,"positionPercentX":0.359375,"positionPercentY":0.795833349,"positionType":0,"rotation":0,"scaleX":1,"scaleY":0.9999999,"sizePercentX":0.05625,"sizePercentY":0.0354166664,"sizeType":0,"tag":38,"touchAble":false,"useMergedTexture":false,"visible":true,"width":18,"x":115,"y":382,"areaHeight":0,"areaWidth":0,"fontFile":null,"fontName":"BAUHS93.TTF","fontSize":17,"hAlignment":0,"text":"99","touchScaleEnable":false,"vAlignment":0}},{"classname":"Label","name":null,"children":[],"options":{"__type":"LabelSurrogate:#EditorCommon.JsonModel.Component.GUI","classname":"Label","name":"ctLb2","ZOrder":1,"actiontag":42168245,"anchorPointX":0,"anchorPointY":0.5,"classType":"CocoStudio.EngineAdapterWrap.CSLabel","colorB":0,"colorG":130,"colorR":200,"customProperty":"","flipX":false,"flipY":false,"height":16,"ignoreSize":true,"layoutParameter":null,"opacity":255,"positionPercentX":0.521875,"positionPercentY":0.795833349,"positionType":0,"rotation":0,"scaleX":1,"scaleY":0.9999999,"sizePercentX":0.05,"sizePercentY":0.0333333351,"sizeType":0,"tag":40,"touchAble":false,"useMergedTexture":false,"visible":true,"width":16,"x":167,"y":382,"areaHeight":0,"areaWidth":0,"fontFile":null,"fontName":"BAUHS93.TTF","fontSize":16,"hAlignment":0,"text":"99","touchScaleEnable":false,"vAlignment":0}},{"classname":"Label","name":null,"children":[],"options":{"__type":"LabelSurrogate:#EditorCommon.JsonModel.Component.GUI","classname":"Label","name":"ctLb4","ZOrder":2,"actiontag":37832323,"anchorPointX":0,"anchorPointY":0.5,"classType":"CocoStudio.EngineAdapterWrap.CSLabel","colorB":0,"colorG":130,"colorR":200,"customProperty":"","flipX":false,"flipY":false,"height":16,"ignoreSize":true,"layoutParameter":null,"opacity":255,"positionPercentX":0.521875,"positionPercentY":0.860416651,"positionType":0,"rotation":0,"scaleX":1,"scaleY":0.9999999,"sizePercentX":0.05,"sizePercentY":0.0333333351,"sizeType":0,"tag":42,"touchAble":false,"useMergedTexture":false,"visible":true,"width":16,"x":167,"y":413,"areaHeight":0,"areaWidth":0,"fontFile":null,"fontName":"BAUHS93.TTF","fontSize":16,"hAlignment":0,"text":"99","touchScaleEnable":false,"vAlignment":0}},{"classname":"Label","name":null,"children":[],"options":{"__type":"LabelSurrogate:#EditorCommon.JsonModel.Component.GUI","classname":"Label","name":"ctLb3","ZOrder":2,"actiontag":47114087,"anchorPointX":0,"anchorPointY":0.5,"classType":"CocoStudio.EngineAdapterWrap.CSLabel","colorB":0,"colorG":130,"colorR":200,"customProperty":"","flipX":false,"flipY":false,"height":16,"ignoreSize":true,"layoutParameter":null,"opacity":255,"positionPercentX":0.359375,"positionPercentY":0.860416651,"positionType":0,"rotation":0,"scaleX":1,"scaleY":0.9999999,"sizePercentX":0.05,"sizePercentY":0.0333333351,"sizeType":0,"tag":44,"touchAble":false,"useMergedTexture":false,"visible":true,"width":16,"x":115,"y":413,"areaHeight":0,"areaWidth":0,"fontFile":null,"fontName":"BAUHS93.TTF","fontSize":16,"hAlignment":0,"text":"99","touchScaleEnable":false,"vAlignment":0}},{"classname":"Panel","name":null,"children":[{"classname":"Button","name":null,"children":[],"options":{"__type":"ButtonSurrogate:#EditorCommon.JsonModel.Component.GUI","classname":"Button","name":"returnBt","ZOrder":8,"actiontag":29429992,"anchorPointX":0,"anchorPointY":1,"classType":"CocoStudio.EngineAdapterWrap.CSButton","colorB":255,"colorG":255,"colorR":255,"customProperty":"","flipX":false,"flipY":false,"height":48,"ignoreSize":true,"layoutParameter":null,"opacity":255,"positionPercentX":0,"positionPercentY":48000,"positionType":0,"rotation":0,"scaleX":1,"scaleY":1,"sizePercentX":4600,"sizePercentY":4800,"sizeType":0,"tag":250,"touchAble":true,"useMergedTexture":false,"visible":true,"width":46,"x":0,"y":480,"capInsetsHeight":1,"capInsetsWidth":1,"capInsetsX":0,"capInsetsY":0,"disabled":null,"disabledData":{"path":null,"plistFile":null,"resourceType":0},"fontName":"yihei.ttf","fontSize":14,"fontType":0,"normal":null,"normalData":{"path":"return.png","plistFile":"","resourceType":0},"pressed":null,"pressedData":{"path":null,"plistFile":null,"resourceType":0},"scale9Enable":false,"scale9Height":48,"scale9Width":46,"text":"","textColorB":255,"textColorG":255,"textColorR":255}},{"classname":"Label","name":null,"children":[],"options":{"__type":"LabelSurrogate:#EditorCommon.JsonModel.Component.GUI","classname":"Label","name":"lb1","ZOrder":11,"actiontag":9026257,"anchorPointX":0.5,"anchorPointY":0.5,"classType":"CocoStudio.EngineAdapterWrap.CSLabel","colorB":57,"colorG":62,"colorR":83,"customProperty":"","flipX":false,"flipY":false,"height":15,"ignoreSize":true,"layoutParameter":null,"opacity":255,"positionPercentX":16000,"positionPercentY":37500,"positionType":0,"rotation":0,"scaleX":1,"scaleY":1,"sizePercentX":6400,"sizePercentY":1500,"sizeType":0,"tag":105,"touchAble":false,"useMergedTexture":false,"visible":true,"width":64,"x":160,"y":375,"areaHeight":0,"areaWidth":0,"fontFile":null,"fontName":"MyriadPro Regular.ttf","fontSize":15,"hAlignment":0,"text":"Tutorial","touchScaleEnable":false,"vAlignment":0}},{"classname":"Label","name":null,"children":[],"options":{"__type":"LabelSurrogate:#EditorCommon.JsonModel.Component.GUI","classname":"Label","name":"lb3","ZOrder":11,"actiontag":21300044,"anchorPointX":0.5,"anchorPointY":1,"classType":"CocoStudio.EngineAdapterWrap.CSLabel","colorB":184,"colorG":212,"colorR":217,"customProperty":"","flipX":false,"flipY":false,"height":14,"ignoreSize":true,"layoutParameter":null,"opacity":255,"positionPercentX":16000,"positionPercentY":3700,"positionType":0,"rotation":0,"scaleX":1,"scaleY":1,"sizePercentX":7000,"sizePercentY":1400,"sizeType":0,"tag":136,"touchAble":false,"useMergedTexture":false,"visible":true,"width":70,"x":160,"y":37,"areaHeight":0,"areaWidth":0,"fontFile":null,"fontName":"MyriadPro Regular.ttf","fontSize":14,"hAlignment":0,"text":"Text Label","touchScaleEnable":false,"vAlignment":0}},{"classname":"ImageView","name":null,"children":[],"options":{"__type":"ImageViewSurrogate:#EditorCommon.JsonModel.Component.GUI","classname":"ImageView","name":"msIm","ZOrder":8,"actiontag":18802122,"anchorPointX":0.5,"anchorPointY":0.5,"classType":"CocoStudio.EngineAdapterWrap.CSImageView","colorB":255,"colorG":255,"colorR":255,"customProperty":"","flipX":false,"flipY":false,"height":320,"ignoreSize":true,"layoutParameter":null,"opacity":255,"positionPercentX":16000,"positionPercentY":19300,"positionType":0,"rotation":0,"scaleX":1,"scaleY":1,"sizePercentX":32000,"sizePercentY":32000,"sizeType":0,"tag":264,"touchAble":false,"useMergedTexture":false,"visible":true,"width":320,"x":160,"y":193,"capInsetsHeight":1,"capInsetsWidth":1,"capInsetsX":0,"capInsetsY":0,"fileName":null,"fileNameData":{"path":"missionN21.png","plistFile":"","resourceType":0},"scale9Enable":false,"scale9Height":320,"scale9Width":320}},{"classname":"Button","name":null,"children":[],"options":{"__type":"ButtonSurrogate:#EditorCommon.JsonModel.Component.GUI","classname":"Button","name":"missionConfirmBt","ZOrder":8,"actiontag":46567794,"anchorPointX":0.5,"anchorPointY":0.5,"classType":"CocoStudio.EngineAdapterWrap.CSButton","colorB":255,"colorG":255,"colorR":255,"customProperty":"","flipX":false,"flipY":false,"height":57,"ignoreSize":true,"layoutParameter":null,"opacity":255,"positionPercentX":16000,"positionPercentY":42700,"positionType":0,"rotation":0,"scaleX":1,"scaleY":1,"sizePercentX":11000,"sizePercentY":5700,"sizeType":0,"tag":54,"touchAble":true,"useMergedTexture":false,"visible":true,"width":110,"x":160,"y":427,"capInsetsHeight":1,"capInsetsWidth":1,"capInsetsX":0,"capInsetsY":0,"disabled":null,"disabledData":{"path":null,"plistFile":null,"resourceType":0},"fontName":"yihei.ttf","fontSize":14,"fontType":0,"normal":null,"normalData":{"path":"confirm3.png","plistFile":"","resourceType":0},"pressed":null,"pressedData":{"path":"confirm4.png","plistFile":"","resourceType":0},"scale9Enable":false,"scale9Height":57,"scale9Width":110,"text":"","textColorB":255,"textColorG":255,"textColorR":255}},{"classname":"ImageView","name":null,"children":[],"options":{"__type":"ImageViewSurrogate:#EditorCommon.JsonModel.Component.GUI","classname":"ImageView","name":"msBackground","ZOrder":7,"actiontag":66792272,"anchorPointX":0,"anchorPointY":0,"classType":"CocoStudio.EngineAdapterWrap.CSImageView","colorB":255,"colorG":255,"colorR":255,"customProperty":"","flipX":false,"flipY":false,"height":480,"ignoreSize":true,"layoutParameter":null,"opacity":255,"positionPercentX":0,"positionPercentY":0,"positionType":0,"rotation":0,"scaleX":1,"scaleY":1,"sizePercentX":32000,"sizePercentY":48000,"sizeType":0,"tag":53,"touchAble":false,"useMergedTexture":false,"visible":true,"width":320,"x":0,"y":0,"capInsetsHeight":1,"capInsetsWidth":1,"capInsetsX":0,"capInsetsY":0,"fileName":null,"fileNameData":{"path":"msbackground.png","plistFile":"","resourceType":0},"scale9Enable":false,"scale9Height":480,"scale9Width":320}}],"options":{"__type":"PanelSurrogate:#EditorCommon.JsonModel.Component.GUI","classname":"Panel","name":"missionPanel","ZOrder":8,"actiontag":38882879,"anchorPointX":0,"anchorPointY":0,"classType":"CocoStudio.EngineAdapterWrap.CSPanel","colorB":255,"colorG":255,"colorR":255,"customProperty":"","flipX":false,"flipY":false,"height":0.01,"ignoreSize":false,"layoutParameter":null,"opacity":255,"positionPercentX":0,"positionPercentY":0,"positionType":0,"rotation":0,"scaleX":1,"scaleY":1,"sizePercentX":3.12499978E-05,"sizePercentY":2.08333331E-05,"sizeType":0,"tag":52,"touchAble":false,"useMergedTexture":false,"visible":false,"width":0.01,"x":0,"y":0,"adaptScreen":false,"backGroundImage":null,"backGroundImageData":null,"backGroundScale9Enable":false,"bgColorB":255,"bgColorG":200,"bgColorOpacity":0,"bgColorR":150,"bgEndColorB":255,"bgEndColorG":200,"bgEndColorR":150,"bgStartColorB":255,"bgStartColorG":255,"bgStartColorR":255,"capInsetsHeight":1,"capInsetsWidth":1,"capInsetsX":0,"capInsetsY":0,"clipAble":false,"colorType":1,"layoutType":0,"vectorX":0,"vectorY":-0.5}},{"classname":"ImageView","name":null,"children":[],"options":{"__type":"ImageViewSurrogate:#EditorCommon.JsonModel.Component.GUI","classname":"ImageView","name":"fingerIm1","ZOrder":5,"actiontag":28529089,"anchorPointX":0.5,"anchorPointY":0.5,"classType":"CocoStudio.EngineAdapterWrap.CSImageView","colorB":255,"colorG":255,"colorR":255,"customProperty":"","flipX":false,"flipY":false,"height":70,"ignoreSize":true,"layoutParameter":null,"opacity":255,"positionPercentX":0.5125,"positionPercentY":0.391666681,"positionType":0,"rotation":0,"scaleX":1,"scaleY":1,"sizePercentX":0.2,"sizePercentY":0.145833328,"sizeType":0,"tag":225,"touchAble":false,"useMergedTexture":false,"visible":true,"width":64,"x":164,"y":188,"capInsetsHeight":1,"capInsetsWidth":1,"capInsetsX":0,"capInsetsY":0,"fileName":null,"fileNameData":{"path":"finger1.png","plistFile":"","resourceType":0},"scale9Enable":false,"scale9Height":70,"scale9Width":64}},{"classname":"ImageView","name":null,"children":[],"options":{"__type":"ImageViewSurrogate:#EditorCommon.JsonModel.Component.GUI","classname":"ImageView","name":"panelIm","ZOrder":4,"actiontag":28573493,"anchorPointX":0,"anchorPointY":1,"classType":"CocoStudio.EngineAdapterWrap.CSImageView","colorB":255,"colorG":255,"colorR":255,"customProperty":"","flipX":false,"flipY":false,"height":122,"ignoreSize":true,"layoutParameter":null,"opacity":255,"positionPercentX":0,"positionPercentY":1,"positionType":0,"rotation":0,"scaleX":1,"scaleY":1,"sizePercentX":0.628125,"sizePercentY":0.254166663,"sizeType":0,"tag":273,"touchAble":false,"useMergedTexture":false,"visible":true,"width":201,"x":0,"y":480,"capInsetsHeight":1,"capInsetsWidth":1,"capInsetsX":0,"capInsetsY":0,"fileName":null,"fileNameData":{"path":"tutorial26.png","plistFile":"","resourceType":0},"scale9Enable":false,"scale9Height":122,"scale9Width":201}},{"classname":"LoadingBar","name":null,"children":[],"options":{"__type":"LoadingBarSurrogate:#EditorCommon.JsonModel.Component.GUI","classname":"LoadingBar","name":"bar","ZOrder":8,"actiontag":10738578,"anchorPointX":0.5,"anchorPointY":0.5,"classType":"CocoStudio.EngineAdapterWrap.CSLoadingBar","colorB":255,"colorG":255,"colorR":255,"customProperty":"","flipX":false,"flipY":false,"height":3,"ignoreSize":true,"layoutParameter":null,"opacity":255,"positionPercentX":0.309375,"positionPercentY":0.995833337,"positionType":0,"rotation":0,"scaleX":1,"scaleY":1,"sizePercentX":0.59375,"sizePercentY":0.010416667,"sizeType":0,"tag":288,"touchAble":false,"useMergedTexture":false,"visible":true,"width":190,"x":99,"y":478,"capInsetsHeight":1,"capInsetsWidth":1,"capInsetsX":0,"capInsetsY":0,"direction":0,"percent":100,"scale9Enable":false,"texture":null,"textureData":{"path":"tbar.png","plistFile":"","resourceType":0}}}],"options":{"__type":"PanelSurrogate:#EditorCommon.JsonModel.Component.GUI","classname":"Panel","name":"Panel_14","ZOrder":0,"actiontag":-1,"anchorPointX":0,"anchorPointY":0,"classType":"CocoStudio.EngineAdapterWrap.CSPanel","colorB":255,"colorG":255,"colorR":255,"customProperty":"","flipX":false,"flipY":false,"height":480,"ignoreSize":false,"layoutParameter":null,"opacity":255,"positionPercentX":0,"positionPercentY":0,"positionType":0,"rotation":0,"scaleX":1,"scaleY":1,"sizePercentX":1,"sizePercentY":1,"sizeType":0,"tag":1,"touchAble":false,"useMergedTexture":false,"visible":true,"width":320,"x":0,"y":0,"adaptScreen":true,"backGroundImage":null,"backGroundImageData":null,"backGroundScale9Enable":false,"bgColorB":255,"bgColorG":200,"bgColorOpacity":0,"bgColorR":150,"bgEndColorB":255,"bgEndColorG":200,"bgEndColorR":150,"bgStartColorB":255,"bgStartColorG":255,"bgStartColorR":255,"capInsetsHeight":1,"capInsetsWidth":1,"capInsetsX":0,"capInsetsY":0,"clipAble":false,"colorType":1,"layoutType":0,"vectorX":0,"vectorY":-0.5}}}