{"classname":null,"name":null,"animation":{"classname":null,"name":"AnimationManager","actionlist":[]},"dataScale":1,"designHeight":480,"designWidth":320,"textures":[],"texturesPng":["loading.png","bar1.png","tooltip.png","barback.png","welcome.png"],"version":"1.6.0.0","widgetTree":{"classname":"Panel","name":null,"children":[{"classname":"Label","name":null,"children":[],"options":{"__type":"LabelSurrogate:#EditorCommon.JsonModel.Component.GUI","classname":"Label","name":"lb","ZOrder":1,"actiontag":50388336,"anchorPointX":0.5,"anchorPointY":0.5,"classType":"CocoStudio.EngineAdapterWrap.CSLabel","colorB":0,"colorG":181,"colorR":255,"customProperty":"","flipX":false,"flipY":false,"height":24,"ignoreSize":true,"layoutParameter":null,"opacity":255,"positionPercentX":0.496875,"positionPercentY":0.43125,"positionType":0,"rotation":0,"scaleX":1,"scaleY":1,"sizePercentX":0.090625,"sizePercentY":0.05,"sizeType":0,"tag":5,"touchAble":false,"useMergedTexture":false,"visible":true,"width":29,"x":159,"y":207,"areaHeight":0,"areaWidth":0,"fontFile":null,"fontName":"yihei.ttf","fontSize":20,"hAlignment":0,"text":"100","touchScaleEnable":false,"vAlignment":0}},{"classname":"Label","name":null,"children":[],"options":{"__type":"LabelSurrogate:#EditorCommon.JsonModel.Component.GUI","classname":"Label","name":"info","ZOrder":1,"actiontag":39387211,"anchorPointX":0.5,"anchorPointY":1,"classType":"CocoStudio.EngineAdapterWrap.CSLabel","colorB":0,"colorG":181,"colorR":255,"customProperty":"","flipX":false,"flipY":false,"height":20,"ignoreSize":true,"layoutParameter":null,"opacity":255,"positionPercentX":0.5,"positionPercentY":0.270833343,"positionType":0,"rotation":0,"scaleX":1,"scaleY":1,"sizePercentX":0.084375,"sizePercentY":0.0416666679,"sizeType":0,"tag":8,"touchAble":false,"useMergedTexture":false,"visible":true,"width":27,"x":160,"y":130,"areaHeight":0,"areaWidth":0,"fontFile":null,"fontName":"yihei.ttf","fontSize":17,"hAlignment":0,"text":"info","touchScaleEnable":false,"vAlignment":0}},{"classname":"ImageView","name":null,"children":[],"options":{"__type":"ImageViewSurrogate:#EditorCommon.JsonModel.Component.GUI","classname":"ImageView","name":"loadingIm","ZOrder":2,"actiontag":55212610,"anchorPointX":0.5,"anchorPointY":0.5,"classType":"CocoStudio.EngineAdapterWrap.CSImageView","colorB":255,"colorG":255,"colorR":255,"customProperty":"","flipX":false,"flipY":false,"height":46,"ignoreSize":true,"layoutParameter":null,"opacity":255,"positionPercentX":0.496875,"positionPercentY":0.58125,"positionType":0,"rotation":0,"scaleX":1,"scaleY":1,"sizePercentX":0.14375,"sizePercentY":0.09583333,"sizeType":0,"tag":10,"touchAble":false,"useMergedTexture":false,"visible":true,"width":46,"x":159,"y":279,"capInsetsHeight":1,"capInsetsWidth":1,"capInsetsX":0,"capInsetsY":0,"fileName":null,"fileNameData":{"path":"loading.png","plistFile":"","resourceType":0},"scale9Enable":false,"scale9Height":46,"scale9Width":46}},{"classname":"LoadingBar","name":null,"children":[],"options":{"__type":"LoadingBarSurrogate:#EditorCommon.JsonModel.Component.GUI","classname":"LoadingBar","name":"progressBar","ZOrder":2,"actiontag":15289375,"anchorPointX":0.5,"anchorPointY":0.5,"classType":"CocoStudio.EngineAdapterWrap.CSLoadingBar","colorB":255,"colorG":255,"colorR":255,"customProperty":"","flipX":false,"flipY":false,"height":23,"ignoreSize":true,"layoutParameter":null,"opacity":255,"positionPercentX":0.49375,"positionPercentY":0.341666669,"positionType":0,"rotation":0,"scaleX":1,"scaleY":1,"sizePercentX":0.715625,"sizePercentY":0.0479166657,"sizeType":0,"tag":12,"touchAble":false,"useMergedTexture":false,"visible":true,"width":229,"x":158,"y":164,"capInsetsHeight":1,"capInsetsWidth":1,"capInsetsX":0,"capInsetsY":0,"direction":0,"percent":100,"scale9Enable":false,"texture":null,"textureData":{"path":"bar1.png","plistFile":"","resourceType":0}}},{"classname":"ImageView","name":null,"children":[],"options":{"__type":"ImageViewSurrogate:#EditorCommon.JsonModel.Component.GUI","classname":"ImageView","name":"tipIm","ZOrder":2,"actiontag":64565334,"anchorPointX":0.5,"anchorPointY":0.5,"classType":"CocoStudio.EngineAdapterWrap.CSImageView","colorB":255,"colorG":255,"colorR":255,"customProperty":"","flipX":false,"flipY":false,"height":30,"ignoreSize":true,"layoutParameter":null,"opacity":255,"positionPercentX":0.5,"positionPercentY":0.425,"positionType":0,"rotation":0,"scaleX":1,"scaleY":1,"sizePercentX":0.134375,"sizePercentY":0.0625,"sizeType":0,"tag":14,"touchAble":false,"useMergedTexture":false,"visible":true,"width":43,"x":160,"y":204,"capInsetsHeight":1,"capInsetsWidth":1,"capInsetsX":0,"capInsetsY":0,"fileName":null,"fileNameData":{"path":"tooltip.png","plistFile":"","resourceType":0},"scale9Enable":false,"scale9Height":30,"scale9Width":43}},{"classname":"ImageView","name":null,"children":[],"options":{"__type":"ImageViewSurrogate:#EditorCommon.JsonModel.Component.GUI","classname":"ImageView","name":"barbackIm","ZOrder":1,"actiontag":1442544,"anchorPointX":0.5,"anchorPointY":0.5,"classType":"CocoStudio.EngineAdapterWrap.CSImageView","colorB":255,"colorG":255,"colorR":255,"customProperty":"","flipX":false,"flipY":false,"height":48,"ignoreSize":true,"layoutParameter":null,"opacity":255,"positionPercentX":0.5,"positionPercentY":0.339583337,"positionType":0,"rotation":0,"scaleX":1,"scaleY":1,"sizePercentX":0.778125,"sizePercentY":0.1,"sizeType":0,"tag":23,"touchAble":false,"useMergedTexture":false,"visible":true,"width":249,"x":160,"y":163,"capInsetsHeight":1,"capInsetsWidth":1,"capInsetsX":0,"capInsetsY":0,"fileName":null,"fileNameData":{"path":"barback.png","plistFile":"","resourceType":0},"scale9Enable":false,"scale9Height":48,"scale9Width":249}},{"classname":"ImageView","name":null,"children":[],"options":{"__type":"ImageViewSurrogate:#EditorCommon.JsonModel.Component.GUI","classname":"ImageView","name":"backgroundIm","ZOrder":0,"actiontag":12358762,"anchorPointX":0,"anchorPointY":0,"classType":"CocoStudio.EngineAdapterWrap.CSImageView","colorB":255,"colorG":255,"colorR":255,"customProperty":"","flipX":false,"flipY":false,"height":480,"ignoreSize":true,"layoutParameter":null,"opacity":255,"positionPercentX":0,"positionPercentY":0,"positionType":0,"rotation":0,"scaleX":1,"scaleY":1,"sizePercentX":1,"sizePercentY":1,"sizeType":0,"tag":4,"touchAble":false,"useMergedTexture":false,"visible":true,"width":320,"x":0,"y":0,"capInsetsHeight":1,"capInsetsWidth":1,"capInsetsX":0,"capInsetsY":0,"fileName":null,"fileNameData":{"path":"welcome.png","plistFile":"","resourceType":0},"scale9Enable":false,"scale9Height":480,"scale9Width":320}}],"options":{"__type":"PanelSurrogate:#EditorCommon.JsonModel.Component.GUI","classname":"Panel","name":"Panel_14","ZOrder":0,"actiontag":-1,"anchorPointX":0,"anchorPointY":0,"classType":"CocoStudio.EngineAdapterWrap.CSPanel","colorB":255,"colorG":255,"colorR":255,"customProperty":"","flipX":false,"flipY":false,"height":480,"ignoreSize":false,"layoutParameter":null,"opacity":255,"positionPercentX":0,"positionPercentY":0,"positionType":0,"rotation":0,"scaleX":1,"scaleY":1,"sizePercentX":1,"sizePercentY":1,"sizeType":0,"tag":3,"touchAble":true,"useMergedTexture":false,"visible":true,"width":320,"x":0,"y":0,"adaptScreen":false,"backGroundImage":null,"backGroundImageData":null,"backGroundScale9Enable":false,"bgColorB":255,"bgColorG":200,"bgColorOpacity":0,"bgColorR":150,"bgEndColorB":255,"bgEndColorG":200,"bgEndColorR":150,"bgStartColorB":255,"bgStartColorG":255,"bgStartColorR":255,"capInsetsHeight":1,"capInsetsWidth":1,"capInsetsX":0,"capInsetsY":0,"clipAble":false,"colorType":1,"layoutType":0,"vectorX":0,"vectorY":-0.5}}}