{"classname":null,"name":null,"animation":{"classname":null,"name":"AnimationManager","actionlist":[]},"dataScale":1,"designHeight":480,"designWidth":320,"textures":[],"texturesPng":["systemBt.png","system.png","bar2.png","userIm.png","infoBt.png","acvIm.png","lup1.png","lup2.png","room.png","cancelBt1.png","cancelBt2.png","sureBt1.png","sureBt2.png","sureIm.png","mask.png","userUI.png","shop.png"],"version":"1.6.0.0","widgetTree":{"classname":"Panel","name":null,"children":[{"classname":"Button","name":null,"children":[],"options":{"__type":"ButtonSurrogate:#EditorCommon.JsonModel.Component.GUI","classname":"Button","name":"systemBt","ZOrder":2,"actiontag":48367242,"anchorPointX":0.5,"anchorPointY":0.5,"classType":"CocoStudio.EngineAdapterWrap.CSButton","colorB":255,"colorG":255,"colorR":255,"customProperty":"","flipX":false,"flipY":false,"height":32,"ignoreSize":true,"layoutParameter":null,"opacity":255,"positionPercentX":0.93125,"positionPercentY":0.129166663,"positionType":0,"rotation":0,"scaleX":1,"scaleY":1,"sizePercentX":0.09375,"sizePercentY":0.06666667,"sizeType":0,"tag":157,"touchAble":true,"useMergedTexture":false,"visible":true,"width":30,"x":298,"y":62,"capInsetsHeight":1,"capInsetsWidth":1,"capInsetsX":0,"capInsetsY":0,"disabled":null,"disabledData":{"path":null,"plistFile":null,"resourceType":0},"fontName":"yihei.ttf","fontSize":14,"fontType":0,"normal":null,"normalData":{"path":"systemBt.png","plistFile":"","resourceType":0},"pressed":null,"pressedData":{"path":null,"plistFile":null,"resourceType":0},"scale9Enable":false,"scale9Height":32,"scale9Width":30,"text":"","textColorB":255,"textColorG":255,"textColorR":255}},{"classname":"Label","name":null,"children":[],"options":{"__type":"LabelSurrogate:#EditorCommon.JsonModel.Component.GUI","classname":"Label","name":"goldLb","ZOrder":2,"actiontag":34617932,"anchorPointX":0.5,"anchorPointY":0.5,"classType":"CocoStudio.EngineAdapterWrap.CSLabel","colorB":0,"colorG":215,"colorR":255,"customProperty":"","flipX":false,"flipY":false,"height":14,"ignoreSize":true,"layoutParameter":null,"opacity":255,"positionPercentX":0.803125,"positionPercentY":0.9604167,"positionType":0,"rotation":0,"scaleX":1,"scaleY":1,"sizePercentX":0.109375,"sizePercentY":0.0291666668,"sizeType":0,"tag":48,"touchAble":false,"useMergedTexture":false,"visible":true,"width":35,"x":257,"y":461,"areaHeight":0,"areaWidth":0,"fontFile":null,"fontName":"BAUHS93.TTF","fontSize":14,"hAlignment":0,"text":"99999","touchScaleEnable":false,"vAlignment":0}},{"classname":"Panel","name":null,"children":[{"classname":"ImageView","name":null,"children":[],"options":{"__type":"ImageViewSurrogate:#EditorCommon.JsonModel.Component.GUI","classname":"ImageView","name":"systemIm","ZOrder":1,"actiontag":41731091,"anchorPointX":0,"anchorPointY":0,"classType":"CocoStudio.EngineAdapterWrap.CSImageView","colorB":255,"colorG":255,"colorR":255,"customProperty":"","flipX":false,"flipY":false,"height":480,"ignoreSize":true,"layoutParameter":null,"opacity":255,"positionPercentX":0,"positionPercentY":0,"positionType":0,"rotation":0,"scaleX":1,"scaleY":1,"sizePercentX":32000,"sizePercentY":48000,"sizeType":0,"tag":161,"touchAble":false,"useMergedTexture":false,"visible":true,"width":320,"x":0,"y":0,"capInsetsHeight":1,"capInsetsWidth":1,"capInsetsX":0,"capInsetsY":0,"fileName":null,"fileNameData":{"path":"system.png","plistFile":"","resourceType":0},"scale9Enable":false,"scale9Height":480,"scale9Width":320}},{"classname":"Label","name":null,"children":[],"options":{"__type":"LabelSurrogate:#EditorCommon.JsonModel.Component.GUI","classname":"Label","name":"musicLb","ZOrder":2,"actiontag":57147891,"anchorPointX":0.5,"anchorPointY":0.5,"classType":"CocoStudio.EngineAdapterWrap.CSLabel","colorB":70,"colorG":90,"colorR":156,"customProperty":"","flipX":false,"flipY":false,"height":15,"ignoreSize":true,"layoutParameter":null,"opacity":255,"positionPercentX":28100,"positionPercentY":22300,"positionType":0,"rotation":0,"scaleX":1,"scaleY":1,"sizePercentX":1900,"sizePercentY":1500,"sizeType":0,"tag":165,"touchAble":false,"useMergedTexture":false,"visible":true,"width":19,"x":281,"y":223,"areaHeight":0,"areaWidth":0,"fontFile":null,"fontName":"yihei.ttf","fontSize":13,"hAlignment":0,"text":"100","touchScaleEnable":false,"vAlignment":0}},{"classname":"Label","name":null,"children":[],"options":{"__type":"LabelSurrogate:#EditorCommon.JsonModel.Component.GUI","classname":"Label","name":"soundLb","ZOrder":2,"actiontag":5446268,"anchorPointX":0.5,"anchorPointY":0.5,"classType":"CocoStudio.EngineAdapterWrap.CSLabel","colorB":70,"colorG":90,"colorR":156,"customProperty":"","flipX":false,"flipY":false,"height":15,"ignoreSize":true,"layoutParameter":null,"opacity":255,"positionPercentX":28100,"positionPercentY":16800,"positionType":0,"rotation":0,"scaleX":1,"scaleY":1,"sizePercentX":1900,"sizePercentY":1500,"sizeType":0,"tag":167,"touchAble":false,"useMergedTexture":false,"visible":true,"width":19,"x":281,"y":168,"areaHeight":0,"areaWidth":0,"fontFile":null,"fontName":"yihei.ttf","fontSize":13,"hAlignment":0,"text":"100","touchScaleEnable":false,"vAlignment":0}}],"options":{"__type":"PanelSurrogate:#EditorCommon.JsonModel.Component.GUI","classname":"Panel","name":"p2","ZOrder":2,"actiontag":19691879,"anchorPointX":0,"anchorPointY":0,"classType":"CocoStudio.EngineAdapterWrap.CSPanel","colorB":255,"colorG":255,"colorR":255,"customProperty":"","flipX":false,"flipY":false,"height":0.01,"ignoreSize":false,"layoutParameter":null,"opacity":255,"positionPercentX":0,"positionPercentY":0,"positionType":0,"rotation":0,"scaleX":1,"scaleY":1,"sizePercentX":3.12499978E-05,"sizePercentY":2.08333331E-05,"sizeType":0,"tag":160,"touchAble":true,"useMergedTexture":false,"visible":false,"width":0.01,"x":0,"y":0,"adaptScreen":false,"backGroundImage":null,"backGroundImageData":null,"backGroundScale9Enable":false,"bgColorB":255,"bgColorG":200,"bgColorOpacity":0,"bgColorR":150,"bgEndColorB":255,"bgEndColorG":200,"bgEndColorR":150,"bgStartColorB":255,"bgStartColorG":255,"bgStartColorR":255,"capInsetsHeight":1,"capInsetsWidth":1,"capInsetsX":0,"capInsetsY":0,"clipAble":false,"colorType":1,"layoutType":0,"vectorX":0,"vectorY":-0.5}},{"classname":"Panel","name":null,"children":[{"classname":"LoadingBar","name":null,"children":[],"options":{"__type":"LoadingBarSurrogate:#EditorCommon.JsonModel.Component.GUI","classname":"LoadingBar","name":"scoreBar","ZOrder":2,"actiontag":38325084,"anchorPointX":0.5,"anchorPointY":0.5,"classType":"CocoStudio.EngineAdapterWrap.CSLoadingBar","colorB":255,"colorG":255,"colorR":255,"customProperty":"","flipX":false,"flipY":false,"height":22,"ignoreSize":true,"layoutParameter":null,"opacity":255,"positionPercentX":20400,"positionPercentY":35600,"positionType":0,"rotation":0,"scaleX":1,"scaleY":1,"sizePercentX":14700,"sizePercentY":2200,"sizeType":0,"tag":115,"touchAble":false,"useMergedTexture":false,"visible":true,"width":147,"x":204,"y":356,"capInsetsHeight":1,"capInsetsWidth":1,"capInsetsX":0,"capInsetsY":0,"direction":0,"percent":100,"scale9Enable":false,"texture":null,"textureData":{"path":"bar2.png","plistFile":"","resourceType":0}}},{"classname":"Label","name":null,"children":[],"options":{"__type":"LabelSurrogate:#EditorCommon.JsonModel.Component.GUI","classname":"Label","name":"levelLb","ZOrder":1,"actiontag":16181411,"anchorPointX":0,"anchorPointY":0.5,"classType":"CocoStudio.EngineAdapterWrap.CSLabel","colorB":19,"colorG":69,"colorR":139,"customProperty":"","flipX":false,"flipY":false,"height":17,"ignoreSize":true,"layoutParameter":null,"opacity":255,"positionPercentX":10700,"positionPercentY":34800,"positionType":0,"rotation":0,"scaleX":1,"scaleY":1,"sizePercentX":1800,"sizePercentY":1700,"sizeType":0,"tag":14,"touchAble":false,"useMergedTexture":false,"visible":true,"width":18,"x":107,"y":348,"areaHeight":0,"areaWidth":0,"fontFile":null,"fontName":"BAUHS93.TTF","fontSize":17,"hAlignment":0,"text":"17","touchScaleEnable":false,"vAlignment":0}},{"classname":"Label","name":null,"children":[],"options":{"__type":"LabelSurrogate:#EditorCommon.JsonModel.Component.GUI","classname":"Label","name":"fingerLevelLb","ZOrder":1,"actiontag":25808139,"anchorPointX":0,"anchorPointY":0.5,"classType":"CocoStudio.EngineAdapterWrap.CSLabel","colorB":0,"colorG":140,"colorR":255,"customProperty":"","flipX":false,"flipY":false,"height":17,"ignoreSize":true,"layoutParameter":null,"opacity":255,"positionPercentX":9900,"positionPercentY":9400,"positionType":0,"rotation":0,"scaleX":1,"scaleY":1,"sizePercentX":2700,"sizePercentY":1700,"sizeType":0,"tag":26,"touchAble":false,"useMergedTexture":false,"visible":true,"width":27,"x":99,"y":94,"areaHeight":0,"areaWidth":0,"fontFile":null,"fontName":"BAUHS93.TTF","fontSize":17,"hAlignment":0,"text":"100","touchScaleEnable":false,"vAlignment":0}},{"classname":"ImageView","name":null,"children":[],"options":{"__type":"ImageViewSurrogate:#EditorCommon.JsonModel.Component.GUI","classname":"ImageView","name":"userIm","ZOrder":1,"actiontag":29336477,"anchorPointX":0,"anchorPointY":0,"classType":"CocoStudio.EngineAdapterWrap.CSImageView","colorB":255,"colorG":255,"colorR":255,"customProperty":"","flipX":false,"flipY":false,"height":480,"ignoreSize":true,"layoutParameter":null,"opacity":255,"positionPercentX":0,"positionPercentY":0,"positionType":0,"rotation":0,"scaleX":1,"scaleY":1,"sizePercentX":32000,"sizePercentY":48000,"sizeType":0,"tag":140,"touchAble":false,"useMergedTexture":false,"visible":true,"width":320,"x":0,"y":0,"capInsetsHeight":1,"capInsetsWidth":1,"capInsetsX":0,"capInsetsY":0,"fileName":null,"fileNameData":{"path":"userIm.png","plistFile":"","resourceType":0},"scale9Enable":false,"scale9Height":480,"scale9Width":320}},{"classname":"Label","name":null,"children":[],"options":{"__type":"LabelSurrogate:#EditorCommon.JsonModel.Component.GUI","classname":"Label","name":"score1Lb","ZOrder":2,"actiontag":60601947,"anchorPointX":0,"anchorPointY":0.5,"classType":"CocoStudio.EngineAdapterWrap.CSLabel","colorB":19,"colorG":69,"colorR":139,"customProperty":"","flipX":false,"flipY":false,"height":17,"ignoreSize":true,"layoutParameter":null,"opacity":255,"positionPercentX":10800,"positionPercentY":26100,"positionType":0,"rotation":0,"scaleX":1,"scaleY":1,"sizePercentX":5400,"sizePercentY":1700,"sizeType":0,"tag":22,"touchAble":false,"useMergedTexture":false,"visible":true,"width":54,"x":108,"y":261,"areaHeight":0,"areaWidth":0,"fontFile":null,"fontName":"BAUHS93.TTF","fontSize":17,"hAlignment":0,"text":"999999","touchScaleEnable":false,"vAlignment":0}},{"classname":"Label","name":null,"children":[],"options":{"__type":"LabelSurrogate:#EditorCommon.JsonModel.Component.GUI","classname":"Label","name":"scoreLb","ZOrder":3,"actiontag":26772645,"anchorPointX":0.5,"anchorPointY":0.5,"classType":"CocoStudio.EngineAdapterWrap.CSLabel","colorB":0,"colorG":69,"colorR":255,"customProperty":"","flipX":false,"flipY":false,"height":15,"ignoreSize":true,"layoutParameter":null,"opacity":255,"positionPercentX":19900,"positionPercentY":35300,"positionType":0,"rotation":0,"scaleX":1,"scaleY":1,"sizePercentX":4800,"sizePercentY":1500,"sizeType":0,"tag":18,"touchAble":false,"useMergedTexture":false,"visible":true,"width":48,"x":199,"y":353,"areaHeight":0,"areaWidth":0,"fontFile":null,"fontName":"BAUHS93.TTF","fontSize":15,"hAlignment":0,"text":"168888","touchScaleEnable":false,"vAlignment":0}},{"classname":"Label","name":null,"children":[],"options":{"__type":"LabelSurrogate:#EditorCommon.JsonModel.Component.GUI","classname":"Label","name":"plusGoldLb2","ZOrder":2,"actiontag":42245882,"anchorPointX":0.5,"anchorPointY":0.5,"classType":"CocoStudio.EngineAdapterWrap.CSLabel","colorB":0,"colorG":69,"colorR":255,"customProperty":"","flipX":false,"flipY":false,"height":13,"ignoreSize":true,"layoutParameter":null,"opacity":255,"positionPercentX":20600,"positionPercentY":9400,"positionType":0,"rotation":0,"scaleX":1,"scaleY":1,"sizePercentX":2100,"sizePercentY":1300,"sizeType":0,"tag":135,"touchAble":false,"useMergedTexture":false,"visible":true,"width":21,"x":206,"y":94,"areaHeight":0,"areaWidth":0,"fontFile":null,"fontName":"BAUHS93.TTF","fontSize":13,"hAlignment":0,"text":"100","touchScaleEnable":false,"vAlignment":0}},{"classname":"Label","name":null,"children":[],"options":{"__type":"LabelSurrogate:#EditorCommon.JsonModel.Component.GUI","classname":"Label","name":"plusExpLb1","ZOrder":2,"actiontag":37287095,"anchorPointX":0.5,"anchorPointY":0.5,"classType":"CocoStudio.EngineAdapterWrap.CSLabel","colorB":0,"colorG":69,"colorR":255,"customProperty":"","flipX":false,"flipY":false,"height":13,"ignoreSize":true,"layoutParameter":null,"opacity":255,"positionPercentX":25800,"positionPercentY":33800,"positionType":0,"rotation":0,"scaleX":1,"scaleY":1,"sizePercentX":1400,"sizePercentY":1300,"sizeType":0,"tag":134,"touchAble":false,"useMergedTexture":false,"visible":true,"width":14,"x":258,"y":338,"areaHeight":0,"areaWidth":0,"fontFile":null,"fontName":"BAUHS93.TTF","fontSize":13,"hAlignment":0,"text":"50","touchScaleEnable":false,"vAlignment":0}},{"classname":"Label","name":null,"children":[],"options":{"__type":"LabelSurrogate:#EditorCommon.JsonModel.Component.GUI","classname":"Label","name":"plusGoldLb1","ZOrder":2,"actiontag":57778230,"anchorPointX":0.5,"anchorPointY":0.5,"classType":"CocoStudio.EngineAdapterWrap.CSLabel","colorB":0,"colorG":69,"colorR":255,"customProperty":"","flipX":false,"flipY":false,"height":13,"ignoreSize":true,"layoutParameter":null,"opacity":255,"positionPercentX":20200,"positionPercentY":33800,"positionType":0,"rotation":0,"scaleX":1,"scaleY":1,"sizePercentX":1400,"sizePercentY":1300,"sizeType":0,"tag":131,"touchAble":false,"useMergedTexture":false,"visible":true,"width":14,"x":202,"y":338,"areaHeight":0,"areaWidth":0,"fontFile":null,"fontName":"BAUHS93.TTF","fontSize":13,"hAlignment":0,"text":"50","touchScaleEnable":false,"vAlignment":0}},{"classname":"Label","name":null,"children":[],"options":{"__type":"LabelSurrogate:#EditorCommon.JsonModel.Component.GUI","classname":"Label","name":"msCountLb","ZOrder":2,"actiontag":14513110,"anchorPointX":0,"anchorPointY":0.5,"classType":"CocoStudio.EngineAdapterWrap.CSLabel","colorB":19,"colorG":69,"colorR":139,"customProperty":"","flipX":false,"flipY":false,"height":15,"ignoreSize":true,"layoutParameter":null,"opacity":255,"positionPercentX":10800,"positionPercentY":29900,"positionType":0,"rotation":0,"scaleX":1,"scaleY":1,"sizePercentX":5600,"sizePercentY":1500,"sizeType":0,"tag":130,"touchAble":false,"useMergedTexture":false,"visible":true,"width":56,"x":108,"y":299,"areaHeight":0,"areaWidth":0,"fontFile":null,"fontName":"BAUHS93.TTF","fontSize":15,"hAlignment":0,"text":"100\/166","touchScaleEnable":false,"vAlignment":0}},{"classname":"Label","name":null,"children":[],"options":{"__type":"LabelSurrogate:#EditorCommon.JsonModel.Component.GUI","classname":"Label","name":"comLb","ZOrder":2,"actiontag":55841509,"anchorPointX":0,"anchorPointY":0.5,"classType":"CocoStudio.EngineAdapterWrap.CSLabel","colorB":19,"colorG":69,"colorR":139,"customProperty":"","flipX":false,"flipY":false,"height":17,"ignoreSize":true,"layoutParameter":null,"opacity":255,"positionPercentX":10900,"positionPercentY":22400,"positionType":0,"rotation":0,"scaleX":1,"scaleY":1,"sizePercentX":4500,"sizePercentY":1700,"sizeType":0,"tag":142,"touchAble":false,"useMergedTexture":false,"visible":true,"width":45,"x":109,"y":224,"areaHeight":0,"areaWidth":0,"fontFile":null,"fontName":"BAUHS93.TTF","fontSize":17,"hAlignment":0,"text":"19999","touchScaleEnable":false,"vAlignment":0}},{"classname":"Label","name":null,"children":[],"options":{"__type":"LabelSurrogate:#EditorCommon.JsonModel.Component.GUI","classname":"Label","name":"combosLb","ZOrder":2,"actiontag":12884534,"anchorPointX":0,"anchorPointY":0.5,"classType":"CocoStudio.EngineAdapterWrap.CSLabel","colorB":19,"colorG":69,"colorR":139,"customProperty":"","flipX":false,"flipY":false,"height":17,"ignoreSize":true,"layoutParameter":null,"opacity":255,"positionPercentX":10800,"positionPercentY":18500,"positionType":0,"rotation":0,"scaleX":1,"scaleY":1,"sizePercentX":4500,"sizePercentY":1700,"sizeType":0,"tag":144,"touchAble":false,"useMergedTexture":false,"visible":true,"width":45,"x":108,"y":185,"areaHeight":0,"areaWidth":0,"fontFile":null,"fontName":"BAUHS93.TTF","fontSize":17,"hAlignment":0,"text":"19999","touchScaleEnable":false,"vAlignment":0}},{"classname":"Label","name":null,"children":[],"options":{"__type":"LabelSurrogate:#EditorCommon.JsonModel.Component.GUI","classname":"Label","name":"combinerLb","ZOrder":2,"actiontag":59295926,"anchorPointX":0,"anchorPointY":0.5,"classType":"CocoStudio.EngineAdapterWrap.CSLabel","colorB":19,"colorG":69,"colorR":139,"customProperty":"","flipX":false,"flipY":false,"height":17,"ignoreSize":true,"layoutParameter":null,"opacity":255,"positionPercentX":10800,"positionPercentY":15100,"positionType":0,"rotation":0,"scaleX":1,"scaleY":1,"sizePercentX":4500,"sizePercentY":1700,"sizeType":0,"tag":146,"touchAble":false,"useMergedTexture":false,"visible":true,"width":45,"x":108,"y":151,"areaHeight":0,"areaWidth":0,"fontFile":null,"fontName":"BAUHS93.TTF","fontSize":17,"hAlignment":0,"text":"19999","touchScaleEnable":false,"vAlignment":0}},{"classname":"Label","name":null,"children":[],"options":{"__type":"LabelSurrogate:#EditorCommon.JsonModel.Component.GUI","classname":"Label","name":"upsLb","ZOrder":2,"actiontag":61214837,"anchorPointX":0,"anchorPointY":0.5,"classType":"CocoStudio.EngineAdapterWrap.CSLabel","colorB":19,"colorG":69,"colorR":139,"customProperty":"","flipX":false,"flipY":false,"height":17,"ignoreSize":true,"layoutParameter":null,"opacity":255,"positionPercentX":21700,"positionPercentY":22400,"positionType":0,"rotation":0,"scaleX":1,"scaleY":1,"sizePercentX":4500,"sizePercentY":1700,"sizeType":0,"tag":150,"touchAble":false,"useMergedTexture":false,"visible":true,"width":45,"x":217,"y":224,"areaHeight":0,"areaWidth":0,"fontFile":null,"fontName":"BAUHS93.TTF","fontSize":17,"hAlignment":0,"text":"19999","touchScaleEnable":false,"vAlignment":0}},{"classname":"Label","name":null,"children":[],"options":{"__type":"LabelSurrogate:#EditorCommon.JsonModel.Component.GUI","classname":"Label","name":"fixerLb","ZOrder":2,"actiontag":3066358,"anchorPointX":0,"anchorPointY":0.5,"classType":"CocoStudio.EngineAdapterWrap.CSLabel","colorB":19,"colorG":69,"colorR":139,"customProperty":"","flipX":false,"flipY":false,"height":17,"ignoreSize":true,"layoutParameter":null,"opacity":255,"positionPercentX":21700,"positionPercentY":18500,"positionType":0,"rotation":0,"scaleX":1,"scaleY":1,"sizePercentX":4500,"sizePercentY":1700,"sizeType":0,"tag":152,"touchAble":false,"useMergedTexture":false,"visible":true,"width":45,"x":217,"y":185,"areaHeight":0,"areaWidth":0,"fontFile":null,"fontName":"BAUHS93.TTF","fontSize":17,"hAlignment":0,"text":"19999","touchScaleEnable":false,"vAlignment":0}},{"classname":"Label","name":null,"children":[],"options":{"__type":"LabelSurrogate:#EditorCommon.JsonModel.Component.GUI","classname":"Label","name":"boxLb","ZOrder":2,"actiontag":63782931,"anchorPointX":0,"anchorPointY":0.5,"classType":"CocoStudio.EngineAdapterWrap.CSLabel","colorB":19,"colorG":69,"colorR":139,"customProperty":"","flipX":false,"flipY":false,"height":17,"ignoreSize":true,"layoutParameter":null,"opacity":255,"positionPercentX":21600,"positionPercentY":15100,"positionType":0,"rotation":0,"scaleX":1,"scaleY":1,"sizePercentX":4500,"sizePercentY":1700,"sizeType":0,"tag":154,"touchAble":false,"useMergedTexture":false,"visible":true,"width":45,"x":216,"y":151,"areaHeight":0,"areaWidth":0,"fontFile":null,"fontName":"BAUHS93.TTF","fontSize":17,"hAlignment":0,"text":"19999","touchScaleEnable":false,"vAlignment":0}},{"classname":"Label","name":null,"children":[],"options":{"__type":"LabelSurrogate:#EditorCommon.JsonModel.Component.GUI","classname":"Label","name":"acvLb","ZOrder":2,"actiontag":33465010,"anchorPointX":0,"anchorPointY":0.5,"classType":"CocoStudio.EngineAdapterWrap.CSLabel","colorB":19,"colorG":69,"colorR":139,"customProperty":"","flipX":false,"flipY":false,"height":15,"ignoreSize":true,"layoutParameter":null,"opacity":255,"positionPercentX":21600,"positionPercentY":29900,"positionType":0,"rotation":0,"scaleX":1,"scaleY":1,"sizePercentX":8000,"sizePercentY":1500,"sizeType":0,"tag":159,"touchAble":false,"useMergedTexture":false,"visible":true,"width":80,"x":216,"y":299,"areaHeight":0,"areaWidth":0,"fontFile":null,"fontName":"BAUHS93.TTF","fontSize":15,"hAlignment":0,"text":"411[30\/32]","touchScaleEnable":false,"vAlignment":0}},{"classname":"Label","name":null,"children":[],"options":{"__type":"LabelSurrogate:#EditorCommon.JsonModel.Component.GUI","classname":"Label","name":"nameLb","ZOrder":1,"actiontag":38220454,"anchorPointX":0.5,"anchorPointY":0.5,"classType":"CocoStudio.EngineAdapterWrap.CSLabel","colorB":19,"colorG":69,"colorR":139,"customProperty":"","flipX":false,"flipY":false,"height":15,"ignoreSize":true,"layoutParameter":null,"opacity":255,"positionPercentX":16300,"positionPercentY":39200,"positionType":0,"rotation":0,"scaleX":1,"scaleY":1,"sizePercentX":4800,"sizePercentY":1500,"sizeType":0,"tag":8,"touchAble":false,"useMergedTexture":false,"visible":true,"width":48,"x":163,"y":392,"areaHeight":0,"areaWidth":0,"fontFile":null,"fontName":"MyriadPro Regular.ttf","fontSize":15,"hAlignment":0,"text":"player","touchScaleEnable":false,"vAlignment":0}},{"classname":"Button","name":null,"children":[],"options":{"__type":"ButtonSurrogate:#EditorCommon.JsonModel.Component.GUI","classname":"Button","name":"infoBt","ZOrder":0,"actiontag":50398037,"anchorPointX":0.5,"anchorPointY":0.5,"classType":"CocoStudio.EngineAdapterWrap.CSButton","colorB":255,"colorG":255,"colorR":255,"customProperty":"","flipX":false,"flipY":false,"height":20,"ignoreSize":true,"layoutParameter":null,"opacity":255,"positionPercentX":26300,"positionPercentY":39200,"positionType":0,"rotation":0,"scaleX":1,"scaleY":1,"sizePercentX":1800,"sizePercentY":2000,"sizeType":0,"tag":155,"touchAble":true,"useMergedTexture":false,"visible":true,"width":18,"x":263,"y":392,"capInsetsHeight":1,"capInsetsWidth":1,"capInsetsX":0,"capInsetsY":0,"disabled":null,"disabledData":{"path":null,"plistFile":null,"resourceType":0},"fontName":"yihei.ttf","fontSize":14,"fontType":0,"normal":null,"normalData":{"path":"infoBt.png","plistFile":"","resourceType":0},"pressed":null,"pressedData":{"path":null,"plistFile":null,"resourceType":0},"scale9Enable":false,"scale9Height":20,"scale9Width":18,"text":"","textColorB":255,"textColorG":255,"textColorR":255}},{"classname":"Button","name":null,"children":[],"options":{"__type":"ButtonSurrogate:#EditorCommon.JsonModel.Component.GUI","classname":"Button","name":"acvBt","ZOrder":2,"actiontag":60820426,"anchorPointX":0.5,"anchorPointY":0.5,"classType":"CocoStudio.EngineAdapterWrap.CSButton","colorB":255,"colorG":255,"colorR":255,"customProperty":"","flipX":false,"flipY":false,"height":40,"ignoreSize":true,"layoutParameter":null,"opacity":255,"positionPercentX":19000,"positionPercentY":30000,"positionType":0,"rotation":0,"scaleX":1,"scaleY":1,"sizePercentX":3800,"sizePercentY":4000,"sizeType":0,"tag":156,"touchAble":true,"useMergedTexture":false,"visible":true,"width":38,"x":190,"y":300,"capInsetsHeight":1,"capInsetsWidth":1,"capInsetsX":0,"capInsetsY":0,"disabled":null,"disabledData":{"path":null,"plistFile":null,"resourceType":0},"fontName":"yihei.ttf","fontSize":14,"fontType":0,"normal":null,"normalData":{"path":"acvIm.png","plistFile":"","resourceType":0},"pressed":null,"pressedData":{"path":null,"plistFile":null,"resourceType":0},"scale9Enable":false,"scale9Height":40,"scale9Width":38,"text":"","textColorB":255,"textColorG":255,"textColorR":255}},{"classname":"Button","name":null,"children":[],"options":{"__type":"ButtonSurrogate:#EditorCommon.JsonModel.Component.GUI","classname":"Button","name":"levelUpBt","ZOrder":1,"actiontag":66244934,"anchorPointX":0.5,"anchorPointY":0.5,"classType":"CocoStudio.EngineAdapterWrap.CSButton","colorB":255,"colorG":255,"colorR":255,"customProperty":"","flipX":false,"flipY":false,"height":38,"ignoreSize":true,"layoutParameter":null,"opacity":255,"positionPercentX":25500,"positionPercentY":9600,"positionType":0,"rotation":0,"scaleX":1,"scaleY":1,"sizePercentX":3700,"sizePercentY":3800,"sizeType":0,"tag":27,"touchAble":true,"useMergedTexture":false,"visible":true,"width":37,"x":255,"y":96,"capInsetsHeight":1,"capInsetsWidth":1,"capInsetsX":0,"capInsetsY":0,"disabled":null,"disabledData":{"path":null,"plistFile":null,"resourceType":0},"fontName":"yihei.ttf","fontSize":14,"fontType":0,"normal":null,"normalData":{"path":"lup1.png","plistFile":"","resourceType":0},"pressed":null,"pressedData":{"path":"lup2.png","plistFile":"","resourceType":0},"scale9Enable":false,"scale9Height":38,"scale9Width":37,"text":"","textColorB":255,"textColorG":255,"textColorR":255}},{"classname":"Label","name":null,"children":[],"options":{"__type":"LabelSurrogate:#EditorCommon.JsonModel.Component.GUI","classname":"Label","name":"gold1Lb","ZOrder":2,"actiontag":64991927,"anchorPointX":0,"anchorPointY":0.5,"classType":"CocoStudio.EngineAdapterWrap.CSLabel","colorB":19,"colorG":69,"colorR":139,"customProperty":"","flipX":false,"flipY":false,"height":17,"ignoreSize":true,"layoutParameter":null,"opacity":255,"positionPercentX":21700,"positionPercentY":26100,"positionType":0,"rotation":0,"scaleX":1,"scaleY":1,"sizePercentX":4500,"sizePercentY":1700,"sizeType":0,"tag":148,"touchAble":false,"useMergedTexture":false,"visible":true,"width":45,"x":217,"y":261,"areaHeight":0,"areaWidth":0,"fontFile":null,"fontName":"BAUHS93.TTF","fontSize":17,"hAlignment":0,"text":"19999","touchScaleEnable":false,"vAlignment":0}}],"options":{"__type":"PanelSurrogate:#EditorCommon.JsonModel.Component.GUI","classname":"Panel","name":"p1","ZOrder":2,"actiontag":60729557,"anchorPointX":0,"anchorPointY":0,"classType":"CocoStudio.EngineAdapterWrap.CSPanel","colorB":255,"colorG":255,"colorR":255,"customProperty":"","flipX":false,"flipY":false,"height":0.01,"ignoreSize":false,"layoutParameter":null,"opacity":255,"positionPercentX":0,"positionPercentY":0,"positionType":0,"rotation":0,"scaleX":1,"scaleY":1,"sizePercentX":3.12499978E-05,"sizePercentY":2.08333331E-05,"sizeType":0,"tag":139,"touchAble":true,"useMergedTexture":false,"visible":true,"width":0.01,"x":0,"y":0,"adaptScreen":false,"backGroundImage":null,"backGroundImageData":null,"backGroundScale9Enable":false,"bgColorB":255,"bgColorG":200,"bgColorOpacity":0,"bgColorR":150,"bgEndColorB":255,"bgEndColorG":200,"bgEndColorR":150,"bgStartColorB":255,"bgStartColorG":255,"bgStartColorR":255,"capInsetsHeight":1,"capInsetsWidth":1,"capInsetsX":0,"capInsetsY":0,"clipAble":false,"colorType":1,"layoutType":0,"vectorX":0,"vectorY":-0.5}},{"classname":"Button","name":null,"children":[],"options":{"__type":"ButtonSurrogate:#EditorCommon.JsonModel.Component.GUI","classname":"Button","name":"returnBt","ZOrder":3,"actiontag":59802385,"anchorPointX":0,"anchorPointY":1,"classType":"CocoStudio.EngineAdapterWrap.CSButton","colorB":255,"colorG":255,"colorR":255,"customProperty":"","flipX":false,"flipY":false,"height":48,"ignoreSize":true,"layoutParameter":null,"opacity":255,"positionPercentX":0,"positionPercentY":1,"positionType":0,"rotation":0,"scaleX":1,"scaleY":1,"sizePercentX":0.14375,"sizePercentY":0.1,"sizeType":0,"tag":5,"touchAble":true,"useMergedTexture":false,"visible":true,"width":46,"x":0,"y":480,"capInsetsHeight":1,"capInsetsWidth":1,"capInsetsX":0,"capInsetsY":0,"disabled":null,"disabledData":{"path":null,"plistFile":null,"resourceType":0},"fontName":"yihei.ttf","fontSize":14,"fontType":0,"normal":null,"normalData":{"path":"room.png","plistFile":"","resourceType":0},"pressed":null,"pressedData":{"path":null,"plistFile":null,"resourceType":0},"scale9Enable":false,"scale9Height":48,"scale9Width":46,"text":"","textColorB":255,"textColorG":255,"textColorR":255}},{"classname":"Button","name":null,"children":[],"options":{"__type":"ButtonSurrogate:#EditorCommon.JsonModel.Component.GUI","classname":"Button","name":"cancelBt","ZOrder":5,"actiontag":56505345,"anchorPointX":0.5,"anchorPointY":0.5,"classType":"CocoStudio.EngineAdapterWrap.CSButton","colorB":255,"colorG":255,"colorR":255,"customProperty":"","flipX":false,"flipY":false,"height":33,"ignoreSize":true,"layoutParameter":null,"opacity":255,"positionPercentX":0.671875,"positionPercentY":0.629166663,"positionType":0,"rotation":0,"scaleX":1,"scaleY":1,"sizePercentX":0.2875,"sizePercentY":0.06875,"sizeType":0,"tag":57,"touchAble":true,"useMergedTexture":false,"visible":false,"width":92,"x":215,"y":302,"capInsetsHeight":1,"capInsetsWidth":1,"capInsetsX":0,"capInsetsY":0,"disabled":null,"disabledData":{"path":null,"plistFile":null,"resourceType":0},"fontName":"yihei.ttf","fontSize":14,"fontType":0,"normal":null,"normalData":{"path":"cancelBt1.png","plistFile":"","resourceType":0},"pressed":null,"pressedData":{"path":"cancelBt2.png","plistFile":"","resourceType":0},"scale9Enable":false,"scale9Height":33,"scale9Width":92,"text":"","textColorB":255,"textColorG":255,"textColorR":255}},{"classname":"Button","name":null,"children":[],"options":{"__type":"ButtonSurrogate:#EditorCommon.JsonModel.Component.GUI","classname":"Button","name":"sureBt2","ZOrder":6,"actiontag":56294732,"anchorPointX":0.5,"anchorPointY":0.5,"classType":"CocoStudio.EngineAdapterWrap.CSButton","colorB":255,"colorG":255,"colorR":255,"customProperty":"","flipX":false,"flipY":false,"height":30,"ignoreSize":true,"layoutParameter":null,"opacity":255,"positionPercentX":0.5,"positionPercentY":0.629166663,"positionType":0,"rotation":0,"scaleX":1,"scaleY":1,"sizePercentX":0.2875,"sizePercentY":0.0625,"sizeType":0,"tag":55,"touchAble":true,"useMergedTexture":false,"visible":false,"width":92,"x":160,"y":302,"capInsetsHeight":1,"capInsetsWidth":1,"capInsetsX":0,"capInsetsY":0,"disabled":null,"disabledData":{"path":null,"plistFile":null,"resourceType":0},"fontName":"yihei.ttf","fontSize":14,"fontType":0,"normal":null,"normalData":{"path":"sureBt1.png","plistFile":"","resourceType":0},"pressed":null,"pressedData":{"path":"sureBt2.png","plistFile":"","resourceType":0},"scale9Enable":false,"scale9Height":30,"scale9Width":92,"text":"","textColorB":255,"textColorG":255,"textColorR":255}},{"classname":"ImageView","name":null,"children":[],"options":{"__type":"ImageViewSurrogate:#EditorCommon.JsonModel.Component.GUI","classname":"ImageView","name":"sureIm","ZOrder":4,"actiontag":58668310,"anchorPointX":0.5,"anchorPointY":0.5,"classType":"CocoStudio.EngineAdapterWrap.CSImageView","colorB":255,"colorG":255,"colorR":255,"customProperty":"","flipX":false,"flipY":false,"height":169,"ignoreSize":true,"layoutParameter":null,"opacity":255,"positionPercentX":0.5,"positionPercentY":0.716666639,"positionType":0,"rotation":0,"scaleX":1,"scaleY":1,"sizePercentX":0.784375,"sizePercentY":0.352083325,"sizeType":0,"tag":54,"touchAble":false,"useMergedTexture":false,"visible":false,"width":251,"x":160,"y":344,"capInsetsHeight":1,"capInsetsWidth":1,"capInsetsX":0,"capInsetsY":0,"fileName":null,"fileNameData":{"path":"sureIm.png","plistFile":"","resourceType":0},"scale9Enable":false,"scale9Height":169,"scale9Width":251}},{"classname":"ImageView","name":null,"children":[],"options":{"__type":"ImageViewSurrogate:#EditorCommon.JsonModel.Component.GUI","classname":"ImageView","name":"mask","ZOrder":3,"actiontag":47454160,"anchorPointX":0,"anchorPointY":0,"classType":"CocoStudio.EngineAdapterWrap.CSImageView","colorB":255,"colorG":255,"colorR":255,"customProperty":"","flipX":false,"flipY":false,"height":480,"ignoreSize":true,"layoutParameter":null,"opacity":255,"positionPercentX":0,"positionPercentY":0,"positionType":0,"rotation":0,"scaleX":1,"scaleY":1,"sizePercentX":1,"sizePercentY":1,"sizeType":0,"tag":60,"touchAble":true,"useMergedTexture":false,"visible":false,"width":320,"x":0,"y":0,"capInsetsHeight":1,"capInsetsWidth":1,"capInsetsX":0,"capInsetsY":0,"fileName":null,"fileNameData":{"path":"mask.png","plistFile":"","resourceType":0},"scale9Enable":false,"scale9Height":480,"scale9Width":320}},{"classname":"ImageView","name":null,"children":[],"options":{"__type":"ImageViewSurrogate:#EditorCommon.JsonModel.Component.GUI","classname":"ImageView","name":"backgroundIm","ZOrder":0,"actiontag":60828573,"anchorPointX":0,"anchorPointY":0,"classType":"CocoStudio.EngineAdapterWrap.CSImageView","colorB":255,"colorG":255,"colorR":255,"customProperty":"","flipX":false,"flipY":false,"height":480,"ignoreSize":true,"layoutParameter":null,"opacity":255,"positionPercentX":0,"positionPercentY":0,"positionType":0,"rotation":0,"scaleX":1,"scaleY":1,"sizePercentX":1,"sizePercentY":1,"sizeType":0,"tag":4,"touchAble":false,"useMergedTexture":false,"visible":true,"width":320,"x":0,"y":0,"capInsetsHeight":1,"capInsetsWidth":1,"capInsetsX":0,"capInsetsY":0,"fileName":null,"fileNameData":{"path":"userUI.png","plistFile":"","resourceType":0},"scale9Enable":false,"scale9Height":480,"scale9Width":320}},{"classname":"Button","name":null,"children":[],"options":{"__type":"ButtonSurrogate:#EditorCommon.JsonModel.Component.GUI","classname":"Button","name":"sureBt1","ZOrder":5,"actiontag":5121544,"anchorPointX":0.5,"anchorPointY":0.5,"classType":"CocoStudio.EngineAdapterWrap.CSButton","colorB":255,"colorG":255,"colorR":255,"customProperty":"","flipX":false,"flipY":false,"height":30,"ignoreSize":true,"layoutParameter":null,"opacity":255,"positionPercentX":0.328125,"positionPercentY":0.629166663,"positionType":0,"rotation":0,"scaleX":1,"scaleY":1,"sizePercentX":0.2875,"sizePercentY":0.0625,"sizeType":0,"tag":59,"touchAble":true,"useMergedTexture":false,"visible":false,"width":92,"x":105,"y":302,"capInsetsHeight":1,"capInsetsWidth":1,"capInsetsX":0,"capInsetsY":0,"disabled":null,"disabledData":{"path":null,"plistFile":null,"resourceType":0},"fontName":"yihei.ttf","fontSize":14,"fontType":0,"normal":null,"normalData":{"path":"sureBt1.png","plistFile":"","resourceType":0},"pressed":null,"pressedData":{"path":"sureBt2.png","plistFile":"","resourceType":0},"scale9Enable":false,"scale9Height":30,"scale9Width":92,"text":"","textColorB":255,"textColorG":255,"textColorR":255}},{"classname":"Label","name":null,"children":[],"options":{"__type":"LabelSurrogate:#EditorCommon.JsonModel.Component.GUI","classname":"Label","name":"sureLb1","ZOrder":5,"actiontag":37045453,"anchorPointX":0.5,"anchorPointY":0.5,"classType":"CocoStudio.EngineAdapterWrap.CSLabel","colorB":21,"colorG":48,"colorR":87,"customProperty":"","flipX":false,"flipY":false,"height":15,"ignoreSize":true,"layoutParameter":null,"opacity":255,"positionPercentX":0.496875,"positionPercentY":0.7583333,"positionType":0,"rotation":0,"scaleX":1,"scaleY":1,"sizePercentX":0.5,"sizePercentY":0.03125,"sizeType":0,"tag":63,"touchAble":false,"useMergedTexture":false,"visible":false,"width":160,"x":159,"y":364,"areaHeight":0,"areaWidth":0,"fontFile":null,"fontName":"MyriadPro Regular.ttf","fontSize":15,"hAlignment":0,"text":"Upgrade Gold-Finger ","touchScaleEnable":false,"vAlignment":0}},{"classname":"Button","name":null,"children":[],"options":{"__type":"ButtonSurrogate:#EditorCommon.JsonModel.Component.GUI","classname":"Button","name":"shopBt","ZOrder":3,"actiontag":17214614,"anchorPointX":1,"anchorPointY":1,"classType":"CocoStudio.EngineAdapterWrap.CSButton","colorB":255,"colorG":255,"colorR":255,"customProperty":"","flipX":false,"flipY":false,"height":48,"ignoreSize":true,"layoutParameter":null,"opacity":255,"positionPercentX":1,"positionPercentY":1,"positionType":0,"rotation":0,"scaleX":1,"scaleY":1,"sizePercentX":0.14375,"sizePercentY":0.1,"sizeType":0,"tag":117,"touchAble":true,"useMergedTexture":false,"visible":true,"width":46,"x":320,"y":480,"capInsetsHeight":1,"capInsetsWidth":1,"capInsetsX":0,"capInsetsY":0,"disabled":null,"disabledData":{"path":null,"plistFile":null,"resourceType":0},"fontName":"yihei.ttf","fontSize":14,"fontType":0,"normal":null,"normalData":{"path":"shop.png","plistFile":"","resourceType":0},"pressed":null,"pressedData":{"path":null,"plistFile":null,"resourceType":0},"scale9Enable":false,"scale9Height":48,"scale9Width":46,"text":"","textColorB":255,"textColorG":255,"textColorR":255}}],"options":{"__type":"PanelSurrogate:#EditorCommon.JsonModel.Component.GUI","classname":"Panel","name":"Panel_14","ZOrder":0,"actiontag":-1,"anchorPointX":0,"anchorPointY":0,"classType":"CocoStudio.EngineAdapterWrap.CSPanel","colorB":255,"colorG":255,"colorR":255,"customProperty":"","flipX":false,"flipY":false,"height":480,"ignoreSize":false,"layoutParameter":null,"opacity":255,"positionPercentX":0,"positionPercentY":0,"positionType":0,"rotation":0,"scaleX":1,"scaleY":1,"sizePercentX":1,"sizePercentY":1,"sizeType":0,"tag":3,"touchAble":true,"useMergedTexture":false,"visible":true,"width":320,"x":0,"y":0,"adaptScreen":false,"backGroundImage":null,"backGroundImageData":null,"backGroundScale9Enable":false,"bgColorB":255,"bgColorG":200,"bgColorOpacity":0,"bgColorR":150,"bgEndColorB":255,"bgEndColorG":200,"bgEndColorR":150,"bgStartColorB":255,"bgStartColorG":255,"bgStartColorR":255,"capInsetsHeight":1,"capInsetsWidth":1,"capInsetsX":0,"capInsetsY":0,"clipAble":false,"colorType":1,"layoutType":0,"vectorX":0,"vectorY":-0.5}}}