{"classname":null,"name":null,"animation":{"classname":null,"name":"AnimationManager","actionlist":[]},"dataScale":1,"designHeight":480,"designWidth":320,"textures":[],"texturesPng":["room.png","editBox.png","edit1.png","edit2.png","lup1.png","lup2.png","sureBt1.png","sureBt2.png","sureIm.png","mask.png","bar2.png","userUI.png","cancelBt1.png","cancelBt2.png","shop.png"],"version":"1.6.0.0","widgetTree":{"classname":"Panel","name":null,"children":[{"classname":"Button","name":null,"children":[],"options":{"__type":"ButtonSurrogate:#EditorCommon.JsonModel.Component.GUI","classname":"Button","name":"returnBt","ZOrder":1,"actiontag":59802385,"anchorPointX":0,"anchorPointY":1,"classType":"CocoStudio.EngineAdapterWrap.CSButton","colorB":255,"colorG":255,"colorR":255,"customProperty":"","flipX":false,"flipY":false,"height":48,"ignoreSize":true,"layoutParameter":null,"opacity":255,"positionPercentX":0,"positionPercentY":1,"positionType":0,"rotation":0,"scaleX":1,"scaleY":1,"sizePercentX":0.14375,"sizePercentY":0.1,"sizeType":0,"tag":5,"touchAble":true,"useMergedTexture":false,"visible":true,"width":46,"x":0,"y":480,"capInsetsHeight":1,"capInsetsWidth":1,"capInsetsX":0,"capInsetsY":0,"disabled":null,"disabledData":{"path":null,"plistFile":null,"resourceType":0},"fontName":"微软雅黑","fontSize":14,"fontType":0,"normal":null,"normalData":{"path":"room.png","plistFile":"","resourceType":0},"pressed":null,"pressedData":{"path":null,"plistFile":null,"resourceType":0},"scale9Enable":false,"scale9Height":48,"scale9Width":46,"text":"","textColorB":255,"textColorG":255,"textColorR":255}},{"classname":"ImageView","name":null,"children":[],"options":{"__type":"ImageViewSurrogate:#EditorCommon.JsonModel.Component.GUI","classname":"ImageView","name":"editBoxIm","ZOrder":1,"actiontag":31237468,"anchorPointX":0.5,"anchorPointY":0.5,"classType":"CocoStudio.EngineAdapterWrap.CSImageView","colorB":255,"colorG":255,"colorR":255,"customProperty":"","flipX":false,"flipY":false,"height":24,"ignoreSize":true,"layoutParameter":null,"opacity":255,"positionPercentX":0.528125,"positionPercentY":0.816666663,"positionType":0,"rotation":0,"scaleX":1,"scaleY":1,"sizePercentX":0.375,"sizePercentY":0.05,"sizeType":0,"tag":64,"touchAble":false,"useMergedTexture":false,"visible":true,"width":120,"x":169,"y":392,"capInsetsHeight":1,"capInsetsWidth":1,"capInsetsX":0,"capInsetsY":0,"fileName":null,"fileNameData":{"path":"editBox.png","plistFile":"","resourceType":0},"scale9Enable":false,"scale9Height":24,"scale9Width":120}},{"classname":"Label","name":null,"children":[],"options":{"__type":"LabelSurrogate:#EditorCommon.JsonModel.Component.GUI","classname":"Label","name":"nameLb","ZOrder":1,"actiontag":38220454,"anchorPointX":0,"anchorPointY":0.5,"classType":"CocoStudio.EngineAdapterWrap.CSLabel","colorB":19,"colorG":69,"colorR":139,"customProperty":"","flipX":false,"flipY":false,"height":18,"ignoreSize":true,"layoutParameter":null,"opacity":255,"positionPercentX":0.3375,"positionPercentY":0.8208333,"positionType":0,"rotation":0,"scaleX":1,"scaleY":1,"sizePercentX":0.125,"sizePercentY":0.0375,"sizeType":0,"tag":8,"touchAble":false,"useMergedTexture":false,"visible":true,"width":40,"x":108,"y":394,"areaHeight":0,"areaWidth":0,"fontFile":null,"fontName":"006-CAI978.ttf","fontSize":15,"hAlignment":0,"text":"player","touchScaleEnable":false,"vAlignment":0}},{"classname":"TextField","name":null,"children":[],"options":{"__type":"TextFieldSurrogate:#EditorCommon.JsonModel.Component.GUI","classname":"TextField","name":"nameEditLb","ZOrder":2,"actiontag":16888208,"anchorPointX":0,"anchorPointY":0.5,"classType":"CocoStudio.EngineAdapterWrap.CSTextField","colorB":94,"colorG":94,"colorR":94,"customProperty":"","flipX":false,"flipY":false,"height":16,"ignoreSize":true,"layoutParameter":null,"opacity":255,"positionPercentX":0.35,"positionPercentY":0.81875,"positionType":0,"rotation":0,"scaleX":1,"scaleY":1,"sizePercentX":0.221875,"sizePercentY":0.0333333351,"sizeType":0,"tag":65,"touchAble":true,"useMergedTexture":false,"visible":true,"width":71,"x":112,"y":393,"areaHeight":0,"areaWidth":0,"fontFile":null,"fontName":"006-CAI978.ttf","fontSize":14,"maxLength":10,"maxLengthEnable":false,"passwordEnable":false,"passwordStyleText":"*","placeHolder":"Your name!","text":""}},{"classname":"Button","name":null,"children":[],"options":{"__type":"ButtonSurrogate:#EditorCommon.JsonModel.Component.GUI","classname":"Button","name":"editBt","ZOrder":1,"actiontag":28381336,"anchorPointX":0.5,"anchorPointY":0.5,"classType":"CocoStudio.EngineAdapterWrap.CSButton","colorB":255,"colorG":255,"colorR":255,"customProperty":"","flipX":false,"flipY":false,"height":38,"ignoreSize":true,"layoutParameter":null,"opacity":255,"positionPercentX":0.815625,"positionPercentY":0.81875,"positionType":0,"rotation":0,"scaleX":1,"scaleY":1,"sizePercentX":0.115625,"sizePercentY":0.0791666657,"sizeType":0,"tag":10,"touchAble":true,"useMergedTexture":false,"visible":true,"width":37,"x":261,"y":393,"capInsetsHeight":1,"capInsetsWidth":1,"capInsetsX":0,"capInsetsY":0,"disabled":null,"disabledData":{"path":null,"plistFile":null,"resourceType":0},"fontName":"微软雅黑","fontSize":14,"fontType":0,"normal":null,"normalData":{"path":"edit1.png","plistFile":"","resourceType":0},"pressed":null,"pressedData":{"path":"edit2.png","plistFile":"","resourceType":0},"scale9Enable":false,"scale9Height":38,"scale9Width":37,"text":"","textColorB":255,"textColorG":255,"textColorR":255}},{"classname":"Button","name":null,"children":[],"options":{"__type":"ButtonSurrogate:#EditorCommon.JsonModel.Component.GUI","classname":"Button","name":"levelUpBt","ZOrder":1,"actiontag":66244934,"anchorPointX":0.5,"anchorPointY":0.5,"classType":"CocoStudio.EngineAdapterWrap.CSButton","colorB":255,"colorG":255,"colorR":255,"customProperty":"","flipX":false,"flipY":false,"height":38,"ignoreSize":true,"layoutParameter":null,"opacity":255,"positionPercentX":0.815625,"positionPercentY":0.491666675,"positionType":0,"rotation":0,"scaleX":1,"scaleY":1,"sizePercentX":0.115625,"sizePercentY":0.0791666657,"sizeType":0,"tag":27,"touchAble":true,"useMergedTexture":false,"visible":true,"width":37,"x":261,"y":236,"capInsetsHeight":1,"capInsetsWidth":1,"capInsetsX":0,"capInsetsY":0,"disabled":null,"disabledData":{"path":null,"plistFile":null,"resourceType":0},"fontName":"微软雅黑","fontSize":14,"fontType":0,"normal":null,"normalData":{"path":"lup1.png","plistFile":"","resourceType":0},"pressed":null,"pressedData":{"path":"lup2.png","plistFile":"","resourceType":0},"scale9Enable":false,"scale9Height":38,"scale9Width":37,"text":"","textColorB":255,"textColorG":255,"textColorR":255}},{"classname":"Button","name":null,"children":[],"options":{"__type":"ButtonSurrogate:#EditorCommon.JsonModel.Component.GUI","classname":"Button","name":"sureBt2","ZOrder":6,"actiontag":56294732,"anchorPointX":0.5,"anchorPointY":0.5,"classType":"CocoStudio.EngineAdapterWrap.CSButton","colorB":255,"colorG":255,"colorR":255,"customProperty":"","flipX":false,"flipY":false,"height":30,"ignoreSize":true,"layoutParameter":null,"opacity":255,"positionPercentX":0.5,"positionPercentY":0.629166663,"positionType":0,"rotation":0,"scaleX":1,"scaleY":1,"sizePercentX":0.2875,"sizePercentY":0.0625,"sizeType":0,"tag":55,"touchAble":true,"useMergedTexture":false,"visible":false,"width":92,"x":160,"y":302,"capInsetsHeight":1,"capInsetsWidth":1,"capInsetsX":0,"capInsetsY":0,"disabled":null,"disabledData":{"path":null,"plistFile":null,"resourceType":0},"fontName":"微软雅黑","fontSize":14,"fontType":0,"normal":null,"normalData":{"path":"sureBt1.png","plistFile":"","resourceType":0},"pressed":null,"pressedData":{"path":"sureBt2.png","plistFile":"","resourceType":0},"scale9Enable":false,"scale9Height":30,"scale9Width":92,"text":"","textColorB":255,"textColorG":255,"textColorR":255}},{"classname":"ImageView","name":null,"children":[],"options":{"__type":"ImageViewSurrogate:#EditorCommon.JsonModel.Component.GUI","classname":"ImageView","name":"sureIm","ZOrder":4,"actiontag":58668310,"anchorPointX":0.5,"anchorPointY":0.5,"classType":"CocoStudio.EngineAdapterWrap.CSImageView","colorB":255,"colorG":255,"colorR":255,"customProperty":"","flipX":false,"flipY":false,"height":169,"ignoreSize":true,"layoutParameter":null,"opacity":255,"positionPercentX":0.5,"positionPercentY":0.716666639,"positionType":0,"rotation":0,"scaleX":1,"scaleY":1,"sizePercentX":0.784375,"sizePercentY":0.352083325,"sizeType":0,"tag":54,"touchAble":false,"useMergedTexture":false,"visible":false,"width":251,"x":160,"y":344,"capInsetsHeight":1,"capInsetsWidth":1,"capInsetsX":0,"capInsetsY":0,"fileName":null,"fileNameData":{"path":"sureIm.png","plistFile":"","resourceType":0},"scale9Enable":false,"scale9Height":169,"scale9Width":251}},{"classname":"ImageView","name":null,"children":[],"options":{"__type":"ImageViewSurrogate:#EditorCommon.JsonModel.Component.GUI","classname":"ImageView","name":"mask","ZOrder":3,"actiontag":47454160,"anchorPointX":0,"anchorPointY":0,"classType":"CocoStudio.EngineAdapterWrap.CSImageView","colorB":255,"colorG":255,"colorR":255,"customProperty":"","flipX":false,"flipY":false,"height":480,"ignoreSize":true,"layoutParameter":null,"opacity":255,"positionPercentX":0,"positionPercentY":0,"positionType":0,"rotation":0,"scaleX":1,"scaleY":1,"sizePercentX":1,"sizePercentY":1,"sizeType":0,"tag":60,"touchAble":true,"useMergedTexture":false,"visible":false,"width":320,"x":0,"y":0,"capInsetsHeight":1,"capInsetsWidth":1,"capInsetsX":0,"capInsetsY":0,"fileName":null,"fileNameData":{"path":"mask.png","plistFile":"","resourceType":0},"scale9Enable":false,"scale9Height":480,"scale9Width":320}},{"classname":"LoadingBar","name":null,"children":[],"options":{"__type":"LoadingBarSurrogate:#EditorCommon.JsonModel.Component.GUI","classname":"LoadingBar","name":"scoreBar","ZOrder":1,"actiontag":38325084,"anchorPointX":0.5,"anchorPointY":0.5,"classType":"CocoStudio.EngineAdapterWrap.CSLoadingBar","colorB":255,"colorG":255,"colorR":255,"customProperty":"","flipX":false,"flipY":false,"height":22,"ignoreSize":true,"layoutParameter":null,"opacity":255,"positionPercentX":0.6375,"positionPercentY":0.7375,"positionType":0,"rotation":0,"scaleX":1,"scaleY":1,"sizePercentX":0.459375,"sizePercentY":0.0458333343,"sizeType":0,"tag":115,"touchAble":false,"useMergedTexture":false,"visible":true,"width":147,"x":204,"y":354,"capInsetsHeight":1,"capInsetsWidth":1,"capInsetsX":0,"capInsetsY":0,"direction":0,"percent":100,"scale9Enable":false,"texture":null,"textureData":{"path":"bar2.png","plistFile":"","resourceType":0}}},{"classname":"Label","name":null,"children":[],"options":{"__type":"LabelSurrogate:#EditorCommon.JsonModel.Component.GUI","classname":"Label","name":"levelLb","ZOrder":1,"actiontag":16181411,"anchorPointX":0,"anchorPointY":0.5,"classType":"CocoStudio.EngineAdapterWrap.CSLabel","colorB":19,"colorG":69,"colorR":139,"customProperty":"","flipX":false,"flipY":false,"height":17,"ignoreSize":true,"layoutParameter":null,"opacity":255,"positionPercentX":0.325,"positionPercentY":0.71875,"positionType":0,"rotation":0,"scaleX":1,"scaleY":1,"sizePercentX":0.05625,"sizePercentY":0.0354166664,"sizeType":0,"tag":14,"touchAble":false,"useMergedTexture":false,"visible":true,"width":18,"x":104,"y":345,"areaHeight":0,"areaWidth":0,"fontFile":null,"fontName":"BAUHS93.TTF","fontSize":17,"hAlignment":0,"text":"17","touchScaleEnable":false,"vAlignment":0}},{"classname":"ImageView","name":null,"children":[],"options":{"__type":"ImageViewSurrogate:#EditorCommon.JsonModel.Component.GUI","classname":"ImageView","name":"backgroundIm","ZOrder":0,"actiontag":60828573,"anchorPointX":0,"anchorPointY":0,"classType":"CocoStudio.EngineAdapterWrap.CSImageView","colorB":255,"colorG":255,"colorR":255,"customProperty":"","flipX":false,"flipY":false,"height":480,"ignoreSize":true,"layoutParameter":null,"opacity":255,"positionPercentX":0,"positionPercentY":0,"positionType":0,"rotation":0,"scaleX":1,"scaleY":1,"sizePercentX":1,"sizePercentY":1,"sizeType":0,"tag":4,"touchAble":false,"useMergedTexture":false,"visible":true,"width":320,"x":0,"y":0,"capInsetsHeight":1,"capInsetsWidth":1,"capInsetsX":0,"capInsetsY":0,"fileName":null,"fileNameData":{"path":"userUI.png","plistFile":"","resourceType":0},"scale9Enable":false,"scale9Height":480,"scale9Width":320}},{"classname":"Label","name":null,"children":[],"options":{"__type":"LabelSurrogate:#EditorCommon.JsonModel.Component.GUI","classname":"Label","name":"scoreLb","ZOrder":2,"actiontag":26772645,"anchorPointX":0.5,"anchorPointY":0.5,"classType":"CocoStudio.EngineAdapterWrap.CSLabel","colorB":0,"colorG":69,"colorR":255,"customProperty":"","flipX":false,"flipY":false,"height":15,"ignoreSize":true,"layoutParameter":null,"opacity":255,"positionPercentX":0.621875,"positionPercentY":0.733333349,"positionType":0,"rotation":0,"scaleX":1,"scaleY":1,"sizePercentX":0.15,"sizePercentY":0.03125,"sizeType":0,"tag":18,"touchAble":false,"useMergedTexture":false,"visible":true,"width":48,"x":199,"y":352,"areaHeight":0,"areaWidth":0,"fontFile":null,"fontName":"BAUHS93.TTF","fontSize":15,"hAlignment":0,"text":"168888","touchScaleEnable":false,"vAlignment":0}},{"classname":"Label","name":null,"children":[],"options":{"__type":"LabelSurrogate:#EditorCommon.JsonModel.Component.GUI","classname":"Label","name":"stepLb","ZOrder":2,"actiontag":60601947,"anchorPointX":0,"anchorPointY":0.5,"classType":"CocoStudio.EngineAdapterWrap.CSLabel","colorB":19,"colorG":69,"colorR":139,"customProperty":"","flipX":false,"flipY":false,"height":17,"ignoreSize":true,"layoutParameter":null,"opacity":255,"positionPercentX":0.325,"positionPercentY":0.627083361,"positionType":0,"rotation":0,"scaleX":1,"scaleY":1,"sizePercentX":0.16875,"sizePercentY":0.0354166664,"sizeType":0,"tag":22,"touchAble":false,"useMergedTexture":false,"visible":true,"width":54,"x":104,"y":301,"areaHeight":0,"areaWidth":0,"fontFile":null,"fontName":"BAUHS93.TTF","fontSize":17,"hAlignment":0,"text":"999999","touchScaleEnable":false,"vAlignment":0}},{"classname":"Label","name":null,"children":[],"options":{"__type":"LabelSurrogate:#EditorCommon.JsonModel.Component.GUI","classname":"Label","name":"fingerLevelLb","ZOrder":1,"actiontag":25808139,"anchorPointX":0,"anchorPointY":0.5,"classType":"CocoStudio.EngineAdapterWrap.CSLabel","colorB":0,"colorG":140,"colorR":255,"customProperty":"","flipX":false,"flipY":false,"height":17,"ignoreSize":true,"layoutParameter":null,"opacity":255,"positionPercentX":0.3375,"positionPercentY":0.491666675,"positionType":0,"rotation":0,"scaleX":1,"scaleY":1,"sizePercentX":0.084375,"sizePercentY":0.0354166664,"sizeType":0,"tag":26,"touchAble":false,"useMergedTexture":false,"visible":true,"width":27,"x":108,"y":236,"areaHeight":0,"areaWidth":0,"fontFile":null,"fontName":"BAUHS93.TTF","fontSize":17,"hAlignment":0,"text":"100","touchScaleEnable":false,"vAlignment":0}},{"classname":"Label","name":null,"children":[],"options":{"__type":"LabelSurrogate:#EditorCommon.JsonModel.Component.GUI","classname":"Label","name":"add1Lb","ZOrder":1,"actiontag":18410910,"anchorPointX":0,"anchorPointY":0.5,"classType":"CocoStudio.EngineAdapterWrap.CSLabel","colorB":0,"colorG":140,"colorR":255,"customProperty":"","flipX":false,"flipY":false,"height":17,"ignoreSize":true,"layoutParameter":null,"opacity":255,"positionPercentX":0.678125,"positionPercentY":0.214583337,"positionType":0,"rotation":0,"scaleX":1,"scaleY":1,"sizePercentX":0.05625,"sizePercentY":0.0354166664,"sizeType":0,"tag":42,"touchAble":false,"useMergedTexture":false,"visible":true,"width":18,"x":217,"y":103,"areaHeight":0,"areaWidth":0,"fontFile":null,"fontName":"BAUHS93.TTF","fontSize":17,"hAlignment":0,"text":"99","touchScaleEnable":false,"vAlignment":0}},{"classname":"Label","name":null,"children":[],"options":{"__type":"LabelSurrogate:#EditorCommon.JsonModel.Component.GUI","classname":"Label","name":"swapLb","ZOrder":1,"actiontag":65738033,"anchorPointX":0,"anchorPointY":0.5,"classType":"CocoStudio.EngineAdapterWrap.CSLabel","colorB":0,"colorG":140,"colorR":255,"customProperty":"","flipX":false,"flipY":false,"height":17,"ignoreSize":true,"layoutParameter":null,"opacity":255,"positionPercentX":0.33125,"positionPercentY":0.2125,"positionType":0,"rotation":0,"scaleX":1,"scaleY":1,"sizePercentX":0.05625,"sizePercentY":0.0354166664,"sizeType":0,"tag":44,"touchAble":false,"useMergedTexture":false,"visible":true,"width":18,"x":106,"y":102,"areaHeight":0,"areaWidth":0,"fontFile":null,"fontName":"BAUHS93.TTF","fontSize":17,"hAlignment":0,"text":"99","touchScaleEnable":false,"vAlignment":0}},{"classname":"Label","name":null,"children":[],"options":{"__type":"LabelSurrogate:#EditorCommon.JsonModel.Component.GUI","classname":"Label","name":"undoLb","ZOrder":1,"actiontag":48724483,"anchorPointX":0,"anchorPointY":0.5,"classType":"CocoStudio.EngineAdapterWrap.CSLabel","colorB":0,"colorG":140,"colorR":255,"customProperty":"","flipX":false,"flipY":false,"height":17,"ignoreSize":true,"layoutParameter":null,"opacity":255,"positionPercentX":0.678125,"positionPercentY":0.352083325,"positionType":0,"rotation":0,"scaleX":1,"scaleY":1,"sizePercentX":0.05625,"sizePercentY":0.0354166664,"sizeType":0,"tag":45,"touchAble":false,"useMergedTexture":false,"visible":true,"width":18,"x":217,"y":169,"areaHeight":0,"areaWidth":0,"fontFile":null,"fontName":"BAUHS93.TTF","fontSize":17,"hAlignment":0,"text":"99","touchScaleEnable":false,"vAlignment":0}},{"classname":"Label","name":null,"children":[],"options":{"__type":"LabelSurrogate:#EditorCommon.JsonModel.Component.GUI","classname":"Label","name":"goldLb","ZOrder":1,"actiontag":34617932,"anchorPointX":0,"anchorPointY":0.5,"classType":"CocoStudio.EngineAdapterWrap.CSLabel","colorB":0,"colorG":140,"colorR":255,"customProperty":"","flipX":false,"flipY":false,"height":17,"ignoreSize":true,"layoutParameter":null,"opacity":255,"positionPercentX":0.334375,"positionPercentY":0.352083325,"positionType":0,"rotation":0,"scaleX":1,"scaleY":1,"sizePercentX":0.140625,"sizePercentY":0.0354166664,"sizeType":0,"tag":48,"touchAble":false,"useMergedTexture":false,"visible":true,"width":45,"x":107,"y":169,"areaHeight":0,"areaWidth":0,"fontFile":null,"fontName":"BAUHS93.TTF","fontSize":17,"hAlignment":0,"text":"99999","touchScaleEnable":false,"vAlignment":0}},{"classname":"Button","name":null,"children":[],"options":{"__type":"ButtonSurrogate:#EditorCommon.JsonModel.Component.GUI","classname":"Button","name":"cancelBt","ZOrder":5,"actiontag":56505345,"anchorPointX":0.5,"anchorPointY":0.5,"classType":"CocoStudio.EngineAdapterWrap.CSButton","colorB":255,"colorG":255,"colorR":255,"customProperty":"","flipX":false,"flipY":false,"height":33,"ignoreSize":true,"layoutParameter":null,"opacity":255,"positionPercentX":0.671875,"positionPercentY":0.629166663,"positionType":0,"rotation":0,"scaleX":1,"scaleY":1,"sizePercentX":0.2875,"sizePercentY":0.06875,"sizeType":0,"tag":57,"touchAble":true,"useMergedTexture":false,"visible":false,"width":92,"x":215,"y":302,"capInsetsHeight":1,"capInsetsWidth":1,"capInsetsX":0,"capInsetsY":0,"disabled":null,"disabledData":{"path":null,"plistFile":null,"resourceType":0},"fontName":"微软雅黑","fontSize":14,"fontType":0,"normal":null,"normalData":{"path":"cancelBt1.png","plistFile":"","resourceType":0},"pressed":null,"pressedData":{"path":"cancelBt2.png","plistFile":"","resourceType":0},"scale9Enable":false,"scale9Height":33,"scale9Width":92,"text":"","textColorB":255,"textColorG":255,"textColorR":255}},{"classname":"Button","name":null,"children":[],"options":{"__type":"ButtonSurrogate:#EditorCommon.JsonModel.Component.GUI","classname":"Button","name":"sureBt1","ZOrder":5,"actiontag":5121544,"anchorPointX":0.5,"anchorPointY":0.5,"classType":"CocoStudio.EngineAdapterWrap.CSButton","colorB":255,"colorG":255,"colorR":255,"customProperty":"","flipX":false,"flipY":false,"height":30,"ignoreSize":true,"layoutParameter":null,"opacity":255,"positionPercentX":0.328125,"positionPercentY":0.629166663,"positionType":0,"rotation":0,"scaleX":1,"scaleY":1,"sizePercentX":0.2875,"sizePercentY":0.0625,"sizeType":0,"tag":59,"touchAble":true,"useMergedTexture":false,"visible":false,"width":92,"x":105,"y":302,"capInsetsHeight":1,"capInsetsWidth":1,"capInsetsX":0,"capInsetsY":0,"disabled":null,"disabledData":{"path":null,"plistFile":null,"resourceType":0},"fontName":"微软雅黑","fontSize":14,"fontType":0,"normal":null,"normalData":{"path":"sureBt1.png","plistFile":"","resourceType":0},"pressed":null,"pressedData":{"path":"sureBt2.png","plistFile":"","resourceType":0},"scale9Enable":false,"scale9Height":30,"scale9Width":92,"text":"","textColorB":255,"textColorG":255,"textColorR":255}},{"classname":"Label","name":null,"children":[],"options":{"__type":"LabelSurrogate:#EditorCommon.JsonModel.Component.GUI","classname":"Label","name":"sureLb1","ZOrder":5,"actiontag":37045453,"anchorPointX":0.5,"anchorPointY":0.5,"classType":"CocoStudio.EngineAdapterWrap.CSLabel","colorB":21,"colorG":48,"colorR":87,"customProperty":"","flipX":false,"flipY":false,"height":15,"ignoreSize":true,"layoutParameter":null,"opacity":255,"positionPercentX":0.496875,"positionPercentY":0.7583333,"positionType":0,"rotation":0,"scaleX":1,"scaleY":1,"sizePercentX":0.5,"sizePercentY":0.03125,"sizeType":0,"tag":63,"touchAble":false,"useMergedTexture":false,"visible":false,"width":160,"x":159,"y":364,"areaHeight":0,"areaWidth":0,"fontFile":null,"fontName":"MyriadPro Regular.ttf","fontSize":15,"hAlignment":0,"text":"Upgrade Gold-Finger ","touchScaleEnable":false,"vAlignment":0}},{"classname":"Button","name":null,"children":[],"options":{"__type":"ButtonSurrogate:#EditorCommon.JsonModel.Component.GUI","classname":"Button","name":"shopBt","ZOrder":0,"actiontag":17214614,"anchorPointX":1,"anchorPointY":1,"classType":"CocoStudio.EngineAdapterWrap.CSButton","colorB":255,"colorG":255,"colorR":255,"customProperty":"","flipX":false,"flipY":false,"height":48,"ignoreSize":true,"layoutParameter":null,"opacity":255,"positionPercentX":1,"positionPercentY":1,"positionType":0,"rotation":0,"scaleX":1,"scaleY":1,"sizePercentX":0.14375,"sizePercentY":0.1,"sizeType":0,"tag":117,"touchAble":true,"useMergedTexture":false,"visible":true,"width":46,"x":320,"y":480,"capInsetsHeight":1,"capInsetsWidth":1,"capInsetsX":0,"capInsetsY":0,"disabled":null,"disabledData":{"path":null,"plistFile":null,"resourceType":0},"fontName":"微软雅黑","fontSize":14,"fontType":0,"normal":null,"normalData":{"path":"shop.png","plistFile":"","resourceType":0},"pressed":null,"pressedData":{"path":null,"plistFile":null,"resourceType":0},"scale9Enable":false,"scale9Height":48,"scale9Width":46,"text":"","textColorB":255,"textColorG":255,"textColorR":255}},{"classname":"Label","name":null,"children":[],"options":{"__type":"LabelSurrogate:#EditorCommon.JsonModel.Component.GUI","classname":"Label","name":"msCountLb","ZOrder":2,"actiontag":14513110,"anchorPointX":0,"anchorPointY":0.5,"classType":"CocoStudio.EngineAdapterWrap.CSLabel","colorB":19,"colorG":69,"colorR":139,"customProperty":"","flipX":false,"flipY":false,"height":17,"ignoreSize":true,"layoutParameter":null,"opacity":255,"positionPercentX":0.684375,"positionPercentY":0.627083361,"positionType":0,"rotation":0,"scaleX":1,"scaleY":1,"sizePercentX":0.140625,"sizePercentY":0.0354166664,"sizeType":0,"tag":130,"touchAble":false,"useMergedTexture":false,"visible":true,"width":45,"x":219,"y":301,"areaHeight":0,"areaWidth":0,"fontFile":null,"fontName":"BAUHS93.TTF","fontSize":17,"hAlignment":0,"text":"19999","touchScaleEnable":false,"vAlignment":0}},{"classname":"Label","name":null,"children":[],"options":{"__type":"LabelSurrogate:#EditorCommon.JsonModel.Component.GUI","classname":"Label","name":"plusGoldLb1","ZOrder":2,"actiontag":57778230,"anchorPointX":0.5,"anchorPointY":0.5,"classType":"CocoStudio.EngineAdapterWrap.CSLabel","colorB":0,"colorG":69,"colorR":255,"customProperty":"","flipX":false,"flipY":false,"height":15,"ignoreSize":true,"layoutParameter":null,"opacity":255,"positionPercentX":0.61875,"positionPercentY":0.7,"positionType":0,"rotation":0,"scaleX":1,"scaleY":1,"sizePercentX":0.05,"sizePercentY":0.03125,"sizeType":0,"tag":131,"touchAble":false,"useMergedTexture":false,"visible":true,"width":16,"x":198,"y":336,"areaHeight":0,"areaWidth":0,"fontFile":null,"fontName":"BAUHS93.TTF","fontSize":15,"hAlignment":0,"text":"50","touchScaleEnable":false,"vAlignment":0}},{"classname":"Label","name":null,"children":[],"options":{"__type":"LabelSurrogate:#EditorCommon.JsonModel.Component.GUI","classname":"Label","name":"plusExpLb1","ZOrder":2,"actiontag":37287095,"anchorPointX":0.5,"anchorPointY":0.5,"classType":"CocoStudio.EngineAdapterWrap.CSLabel","colorB":0,"colorG":69,"colorR":255,"customProperty":"","flipX":false,"flipY":false,"height":15,"ignoreSize":true,"layoutParameter":null,"opacity":255,"positionPercentX":0.790625,"positionPercentY":0.7,"positionType":0,"rotation":0,"scaleX":1,"scaleY":1,"sizePercentX":0.05,"sizePercentY":0.03125,"sizeType":0,"tag":134,"touchAble":false,"useMergedTexture":false,"visible":true,"width":16,"x":253,"y":336,"areaHeight":0,"areaWidth":0,"fontFile":null,"fontName":"BAUHS93.TTF","fontSize":15,"hAlignment":0,"text":"50","touchScaleEnable":false,"vAlignment":0}},{"classname":"Label","name":null,"children":[],"options":{"__type":"LabelSurrogate:#EditorCommon.JsonModel.Component.GUI","classname":"Label","name":"plusGoldLb2","ZOrder":2,"actiontag":42245882,"anchorPointX":0.5,"anchorPointY":0.5,"classType":"CocoStudio.EngineAdapterWrap.CSLabel","colorB":0,"colorG":69,"colorR":255,"customProperty":"","flipX":false,"flipY":false,"height":15,"ignoreSize":true,"layoutParameter":null,"opacity":255,"positionPercentX":0.678125,"positionPercentY":0.485416681,"positionType":0,"rotation":0,"scaleX":1,"scaleY":1,"sizePercentX":0.075,"sizePercentY":0.03125,"sizeType":0,"tag":135,"touchAble":false,"useMergedTexture":false,"visible":true,"width":24,"x":217,"y":233,"areaHeight":0,"areaWidth":0,"fontFile":null,"fontName":"BAUHS93.TTF","fontSize":15,"hAlignment":0,"text":"100","touchScaleEnable":false,"vAlignment":0}}],"options":{"__type":"PanelSurrogate:#EditorCommon.JsonModel.Component.GUI","classname":"Panel","name":"Panel_14","ZOrder":0,"actiontag":-1,"anchorPointX":0,"anchorPointY":0,"classType":"CocoStudio.EngineAdapterWrap.CSPanel","colorB":255,"colorG":255,"colorR":255,"customProperty":"","flipX":false,"flipY":false,"height":480,"ignoreSize":false,"layoutParameter":null,"opacity":255,"positionPercentX":0,"positionPercentY":0,"positionType":0,"rotation":0,"scaleX":1,"scaleY":1,"sizePercentX":1,"sizePercentY":1,"sizeType":0,"tag":3,"touchAble":true,"useMergedTexture":false,"visible":true,"width":320,"x":0,"y":0,"adaptScreen":false,"backGroundImage":null,"backGroundImageData":null,"backGroundScale9Enable":false,"bgColorB":255,"bgColorG":200,"bgColorOpacity":0,"bgColorR":150,"bgEndColorB":255,"bgEndColorG":200,"bgEndColorR":150,"bgStartColorB":255,"bgStartColorG":255,"bgStartColorR":255,"capInsetsHeight":1,"capInsetsWidth":1,"capInsetsX":0,"capInsetsY":0,"clipAble":false,"colorType":1,"layoutType":0,"vectorX":0,"vectorY":-0.5}}}