{"classname":null,"name":null,"animation":{"classname":null,"name":"AnimationManager","actionlist":[]},"dataScale":1,"designHeight":480,"designWidth":320,"textures":[],"texturesPng":["loading.png","bar1.png","welcome.png"],"version":"1.6.0.0","widgetTree":{"classname":"Panel","name":null,"children":[{"classname":"Label","name":null,"children":[],"options":{"__type":"LabelSurrogate:#EditorCommon.JsonModel.Component.GUI","classname":"Label","name":"lb","ZOrder":1,"actiontag":50388336,"anchorPointX":0.5,"anchorPointY":0.5,"classType":"CocoStudio.EngineAdapterWrap.CSLabel","colorB":0,"colorG":140,"colorR":255,"customProperty":"","flipX":false,"flipY":false,"height":20,"ignoreSize":true,"layoutParameter":null,"opacity":255,"positionPercentX":0.496875,"positionPercentY":0.452083319,"positionType":0,"rotation":0,"scaleX":1,"scaleY":1,"sizePercentX":0.090625,"sizePercentY":0.05,"sizeType":0,"tag":5,"touchAble":false,"useMergedTexture":false,"visible":true,"width":30,"x":159,"y":217,"areaHeight":0,"areaWidth":0,"fontFile":null,"fontName":"yihei.TTF","fontSize":20,"hAlignment":0,"text":"100","touchScaleEnable":false,"vAlignment":0}},{"classname":"Label","name":null,"children":[],"options":{"__type":"LabelSurrogate:#EditorCommon.JsonModel.Component.GUI","classname":"Label","name":"info","ZOrder":1,"actiontag":39387211,"anchorPointX":0,"anchorPointY":0.5,"classType":"CocoStudio.EngineAdapterWrap.CSLabel","colorB":130,"colorG":0,"colorR":75,"customProperty":"","flipX":false,"flipY":false,"height":23,"ignoreSize":true,"layoutParameter":null,"opacity":255,"positionPercentX":0.05,"positionPercentY":0.93125,"positionType":0,"rotation":0,"scaleX":1,"scaleY":1,"sizePercentX":0.1,"sizePercentY":0.0479166657,"sizeType":0,"tag":8,"touchAble":false,"useMergedTexture":false,"visible":true,"width":32,"x":16,"y":447,"areaHeight":0,"areaWidth":0,"fontFile":null,"fontName":"微软雅黑","fontSize":17,"hAlignment":0,"text":"info","touchScaleEnable":false,"vAlignment":0}},{"classname":"ImageView","name":null,"children":[],"options":{"__type":"ImageViewSurrogate:#EditorCommon.JsonModel.Component.GUI","classname":"ImageView","name":"loadingIm","ZOrder":2,"actiontag":55212610,"anchorPointX":0.5,"anchorPointY":0.5,"classType":"CocoStudio.EngineAdapterWrap.CSImageView","colorB":255,"colorG":255,"colorR":255,"customProperty":"","flipX":false,"flipY":false,"height":48,"ignoreSize":true,"layoutParameter":null,"opacity":255,"positionPercentX":0.5,"positionPercentY":0.60625,"positionType":0,"rotation":0,"scaleX":1,"scaleY":1,"sizePercentX":0.15,"sizePercentY":0.1,"sizeType":0,"tag":10,"touchAble":false,"useMergedTexture":false,"visible":true,"width":48,"x":160,"y":291,"capInsetsHeight":1,"capInsetsWidth":1,"capInsetsX":0,"capInsetsY":0,"fileName":null,"fileNameData":{"path":"loading.png","plistFile":"","resourceType":0},"scale9Enable":false,"scale9Height":48,"scale9Width":48}},{"classname":"LoadingBar","name":null,"children":[],"options":{"__type":"LoadingBarSurrogate:#EditorCommon.JsonModel.Component.GUI","classname":"LoadingBar","name":"progressBar","ZOrder":2,"actiontag":15289375,"anchorPointX":0.5,"anchorPointY":0.5,"classType":"CocoStudio.EngineAdapterWrap.CSLoadingBar","colorB":255,"colorG":255,"colorR":255,"customProperty":"","flipX":false,"flipY":false,"height":23,"ignoreSize":true,"layoutParameter":null,"opacity":255,"positionPercentX":0.5,"positionPercentY":0.339583337,"positionType":0,"rotation":0,"scaleX":1,"scaleY":1,"sizePercentX":0.715625,"sizePercentY":0.0479166657,"sizeType":0,"tag":12,"touchAble":false,"useMergedTexture":false,"visible":true,"width":229,"x":160,"y":163,"capInsetsHeight":1,"capInsetsWidth":1,"capInsetsX":0,"capInsetsY":0,"direction":0,"percent":100,"scale9Enable":false,"texture":null,"textureData":{"path":"bar1.png","plistFile":"","resourceType":0}}},{"classname":"ImageView","name":null,"children":[],"options":{"__type":"ImageViewSurrogate:#EditorCommon.JsonModel.Component.GUI","classname":"ImageView","name":"backgroundIm","ZOrder":0,"actiontag":12358762,"anchorPointX":0,"anchorPointY":0,"classType":"CocoStudio.EngineAdapterWrap.CSImageView","colorB":255,"colorG":255,"colorR":255,"customProperty":"","flipX":false,"flipY":false,"height":480,"ignoreSize":true,"layoutParameter":null,"opacity":255,"positionPercentX":0,"positionPercentY":0,"positionType":0,"rotation":0,"scaleX":1,"scaleY":1,"sizePercentX":1,"sizePercentY":1,"sizeType":0,"tag":4,"touchAble":false,"useMergedTexture":false,"visible":true,"width":320,"x":0,"y":0,"capInsetsHeight":1,"capInsetsWidth":1,"capInsetsX":0,"capInsetsY":0,"fileName":null,"fileNameData":{"path":"welcome.png","plistFile":"","resourceType":0},"scale9Enable":false,"scale9Height":480,"scale9Width":320}}],"options":{"__type":"PanelSurrogate:#EditorCommon.JsonModel.Component.GUI","classname":"Panel","name":"Panel_14","ZOrder":0,"actiontag":-1,"anchorPointX":0,"anchorPointY":0,"classType":"CocoStudio.EngineAdapterWrap.CSPanel","colorB":255,"colorG":255,"colorR":255,"customProperty":"","flipX":false,"flipY":false,"height":480,"ignoreSize":false,"layoutParameter":null,"opacity":255,"positionPercentX":0,"positionPercentY":0,"positionType":0,"rotation":0,"scaleX":1,"scaleY":1,"sizePercentX":1,"sizePercentY":1,"sizeType":0,"tag":3,"touchAble":true,"useMergedTexture":false,"visible":true,"width":320,"x":0,"y":0,"adaptScreen":false,"backGroundImage":null,"backGroundImageData":null,"backGroundScale9Enable":false,"bgColorB":255,"bgColorG":200,"bgColorOpacity":0,"bgColorR":150,"bgEndColorB":255,"bgEndColorG":200,"bgEndColorR":150,"bgStartColorB":255,"bgStartColorG":255,"bgStartColorR":255,"capInsetsHeight":1,"capInsetsWidth":1,"capInsetsX":0,"capInsetsY":0,"clipAble":false,"colorType":1,"layoutType":0,"vectorX":0,"vectorY":-0.5}}}