{"classname":null,"name":null,"animation":{"classname":null,"name":"AnimationManager","actionlist":[]},"dataScale":1,"designHeight":480,"designWidth":320,"textures":[],"texturesPng":["confirm.png","confirm1.png","fail.png","pass.png","bar3.png","ResultUI.png"],"version":"1.6.0.0","widgetTree":{"classname":"Panel","name":null,"children":[{"classname":"Button","name":null,"children":[],"options":{"__type":"ButtonSurrogate:#EditorCommon.JsonModel.Component.GUI","classname":"Button","name":"confirmBt","ZOrder":1,"actiontag":2515205,"anchorPointX":0.5,"anchorPointY":0.5,"classType":"CocoStudio.EngineAdapterWrap.CSButton","colorB":255,"colorG":255,"colorR":255,"customProperty":"","flipX":false,"flipY":false,"height":54,"ignoreSize":true,"layoutParameter":null,"opacity":255,"positionPercentX":0.49375,"positionPercentY":0.15,"positionType":0,"rotation":0,"scaleX":1,"scaleY":1,"sizePercentX":0.3375,"sizePercentY":0.1125,"sizeType":0,"tag":5,"touchAble":true,"useMergedTexture":false,"visible":true,"width":108,"x":158,"y":72,"capInsetsHeight":1,"capInsetsWidth":1,"capInsetsX":0,"capInsetsY":0,"disabled":null,"disabledData":{"path":null,"plistFile":null,"resourceType":0},"fontName":"微软雅黑","fontSize":14,"fontType":0,"normal":null,"normalData":{"path":"confirm.png","plistFile":"","resourceType":0},"pressed":null,"pressedData":{"path":"confirm1.png","plistFile":"","resourceType":0},"scale9Enable":false,"scale9Height":54,"scale9Width":108,"text":"","textColorB":255,"textColorG":255,"textColorR":255}},{"classname":"CheckBox","name":null,"children":[],"options":{"__type":"CheckBoxSurrogate:#EditorCommon.JsonModel.Component.GUI","classname":"CheckBox","name":"passOrNotBt","ZOrder":2,"actiontag":31628992,"anchorPointX":0.5,"anchorPointY":0.5,"classType":"CocoStudio.EngineAdapterWrap.CSCheckBox","colorB":255,"colorG":255,"colorR":255,"customProperty":"","flipX":false,"flipY":false,"height":90,"ignoreSize":true,"layoutParameter":null,"opacity":255,"positionPercentX":0.775,"positionPercentY":0.566666663,"positionType":0,"rotation":0,"scaleX":1,"scaleY":1,"sizePercentX":0.28125,"sizePercentY":0.1875,"sizeType":0,"tag":53,"touchAble":false,"useMergedTexture":false,"visible":true,"width":90,"x":248,"y":272,"backGroundBox":null,"backGroundBoxData":{"path":"fail.png","plistFile":"","resourceType":0},"backGroundBoxDisabled":null,"backGroundBoxDisabledData":{"path":null,"plistFile":null,"resourceType":0},"backGroundBoxSelected":null,"backGroundBoxSelectedData":{"path":null,"plistFile":null,"resourceType":0},"frontCross":null,"frontCrossData":{"path":"pass.png","plistFile":"","resourceType":0},"frontCrossDisabled":null,"frontCrossDisabledData":{"path":null,"plistFile":null,"resourceType":0},"selectedState":false}},{"classname":"LoadingBar","name":null,"children":[],"options":{"__type":"LoadingBarSurrogate:#EditorCommon.JsonModel.Component.GUI","classname":"LoadingBar","name":"lvBar","ZOrder":2,"actiontag":2298077,"anchorPointX":0.5,"anchorPointY":0.5,"classType":"CocoStudio.EngineAdapterWrap.CSLoadingBar","colorB":255,"colorG":255,"colorR":255,"customProperty":"","flipX":false,"flipY":false,"height":20,"ignoreSize":true,"layoutParameter":null,"opacity":255,"positionPercentX":0.5,"positionPercentY":0.235416666,"positionType":0,"rotation":0,"scaleX":1,"scaleY":1,"sizePercentX":0.76875,"sizePercentY":0.0416666679,"sizeType":0,"tag":68,"touchAble":false,"useMergedTexture":false,"visible":true,"width":246,"x":160,"y":113,"capInsetsHeight":1,"capInsetsWidth":1,"capInsetsX":0,"capInsetsY":0,"direction":0,"percent":100,"scale9Enable":false,"texture":null,"textureData":{"path":"bar3.png","plistFile":"","resourceType":0}}},{"classname":"Label","name":null,"children":[],"options":{"__type":"LabelSurrogate:#EditorCommon.JsonModel.Component.GUI","classname":"Label","name":"lb14","ZOrder":2,"actiontag":58912114,"anchorPointX":0.5,"anchorPointY":0.5,"classType":"CocoStudio.EngineAdapterWrap.CSLabel","colorB":104,"colorG":81,"colorR":197,"customProperty":"","flipX":false,"flipY":false,"height":14,"ignoreSize":true,"layoutParameter":null,"opacity":255,"positionPercentX":0.765625,"positionPercentY":0.3625,"positionType":0,"rotation":0,"scaleX":1,"scaleY":1,"sizePercentX":0.05625,"sizePercentY":0.025,"sizeType":0,"tag":98,"touchAble":false,"useMergedTexture":false,"visible":true,"width":21,"x":245,"y":174,"areaHeight":0,"areaWidth":0,"fontFile":null,"fontName":"BAUHS93.TTF","fontSize":14,"hAlignment":0,"text":"120","touchScaleEnable":false,"vAlignment":0}},{"classname":"ImageView","name":null,"children":[],"options":{"__type":"ImageViewSurrogate:#EditorCommon.JsonModel.Component.GUI","classname":"ImageView","name":"bkgIm","ZOrder":0,"actiontag":40730901,"anchorPointX":0,"anchorPointY":0,"classType":"CocoStudio.EngineAdapterWrap.CSImageView","colorB":255,"colorG":255,"colorR":255,"customProperty":"","flipX":false,"flipY":false,"height":480,"ignoreSize":true,"layoutParameter":null,"opacity":255,"positionPercentX":-0.003125,"positionPercentY":0,"positionType":0,"rotation":0,"scaleX":1,"scaleY":1,"sizePercentX":1,"sizePercentY":1,"sizeType":0,"tag":4,"touchAble":true,"useMergedTexture":false,"visible":true,"width":320,"x":-1,"y":0,"capInsetsHeight":1,"capInsetsWidth":1,"capInsetsX":0,"capInsetsY":0,"fileName":null,"fileNameData":{"path":"ResultUI.png","plistFile":"","resourceType":0},"scale9Enable":false,"scale9Height":480,"scale9Width":320}},{"classname":"Label","name":null,"children":[],"options":{"__type":"LabelSurrogate:#EditorCommon.JsonModel.Component.GUI","classname":"Label","name":"lb1","ZOrder":1,"actiontag":45502051,"anchorPointX":0,"anchorPointY":0.5,"classType":"CocoStudio.EngineAdapterWrap.CSLabel","colorB":32,"colorG":165,"colorR":218,"customProperty":"","flipX":false,"flipY":false,"height":17,"ignoreSize":true,"layoutParameter":null,"opacity":255,"positionPercentX":0.34375,"positionPercentY":0.775,"positionType":0,"rotation":0,"scaleX":1,"scaleY":1,"sizePercentX":0.065625,"sizePercentY":0.0291666668,"sizeType":0,"tag":6,"touchAble":false,"useMergedTexture":false,"visible":true,"width":27,"x":110,"y":372,"areaHeight":0,"areaWidth":0,"fontFile":null,"fontName":"BAUHS93.TTF","fontSize":17,"hAlignment":0,"text":"999","touchScaleEnable":false,"vAlignment":0}},{"classname":"Label","name":null,"children":[],"options":{"__type":"LabelSurrogate:#EditorCommon.JsonModel.Component.GUI","classname":"Label","name":"lb2","ZOrder":1,"actiontag":53568854,"anchorPointX":0,"anchorPointY":0.5,"classType":"CocoStudio.EngineAdapterWrap.CSLabel","colorB":32,"colorG":165,"colorR":218,"customProperty":"","flipX":false,"flipY":false,"height":17,"ignoreSize":true,"layoutParameter":null,"opacity":255,"positionPercentX":0.346875,"positionPercentY":0.714583337,"positionType":0,"rotation":0,"scaleX":1,"scaleY":1,"sizePercentX":0.065625,"sizePercentY":0.0291666668,"sizeType":0,"tag":8,"touchAble":false,"useMergedTexture":false,"visible":true,"width":27,"x":111,"y":343,"areaHeight":0,"areaWidth":0,"fontFile":null,"fontName":"BAUHS93.TTF","fontSize":17,"hAlignment":0,"text":"999","touchScaleEnable":false,"vAlignment":0}},{"classname":"Label","name":null,"children":[],"options":{"__type":"LabelSurrogate:#EditorCommon.JsonModel.Component.GUI","classname":"Label","name":"lb3","ZOrder":1,"actiontag":38032350,"anchorPointX":0,"anchorPointY":0.5,"classType":"CocoStudio.EngineAdapterWrap.CSLabel","colorB":32,"colorG":165,"colorR":218,"customProperty":"","flipX":false,"flipY":false,"height":17,"ignoreSize":true,"layoutParameter":null,"opacity":255,"positionPercentX":0.346875,"positionPercentY":0.65,"positionType":0,"rotation":0,"scaleX":1,"scaleY":1,"sizePercentX":0.065625,"sizePercentY":0.0291666668,"sizeType":0,"tag":10,"touchAble":false,"useMergedTexture":false,"visible":true,"width":27,"x":111,"y":312,"areaHeight":0,"areaWidth":0,"fontFile":null,"fontName":"BAUHS93.TTF","fontSize":17,"hAlignment":0,"text":"999","touchScaleEnable":false,"vAlignment":0}},{"classname":"Label","name":null,"children":[],"options":{"__type":"LabelSurrogate:#EditorCommon.JsonModel.Component.GUI","classname":"Label","name":"lb4","ZOrder":1,"actiontag":57523360,"anchorPointX":0,"anchorPointY":0.5,"classType":"CocoStudio.EngineAdapterWrap.CSLabel","colorB":32,"colorG":165,"colorR":218,"customProperty":"","flipX":false,"flipY":false,"height":17,"ignoreSize":true,"layoutParameter":null,"opacity":255,"positionPercentX":0.346875,"positionPercentY":0.5854167,"positionType":0,"rotation":0,"scaleX":1,"scaleY":1,"sizePercentX":0.065625,"sizePercentY":0.0291666668,"sizeType":0,"tag":12,"touchAble":false,"useMergedTexture":false,"visible":true,"width":27,"x":111,"y":281,"areaHeight":0,"areaWidth":0,"fontFile":null,"fontName":"BAUHS93.TTF","fontSize":17,"hAlignment":0,"text":"999","touchScaleEnable":false,"vAlignment":0}},{"classname":"Label","name":null,"children":[],"options":{"__type":"LabelSurrogate:#EditorCommon.JsonModel.Component.GUI","classname":"Label","name":"lb6","ZOrder":1,"actiontag":33351638,"anchorPointX":0,"anchorPointY":0.5,"classType":"CocoStudio.EngineAdapterWrap.CSLabel","colorB":35,"colorG":105,"colorR":229,"customProperty":"","flipX":false,"flipY":false,"height":17,"ignoreSize":true,"layoutParameter":null,"opacity":255,"positionPercentX":0.59375,"positionPercentY":0.5125,"positionType":0,"rotation":0,"scaleX":1,"scaleY":1,"sizePercentX":0.065625,"sizePercentY":0.0291666668,"sizeType":0,"tag":14,"touchAble":false,"useMergedTexture":false,"visible":true,"width":27,"x":190,"y":246,"areaHeight":0,"areaWidth":0,"fontFile":null,"fontName":"BAUHS93.TTF","fontSize":17,"hAlignment":0,"text":"999","touchScaleEnable":false,"vAlignment":0}},{"classname":"Label","name":null,"children":[],"options":{"__type":"LabelSurrogate:#EditorCommon.JsonModel.Component.GUI","classname":"Label","name":"lb9","ZOrder":1,"actiontag":66257350,"anchorPointX":0,"anchorPointY":0.5,"classType":"CocoStudio.EngineAdapterWrap.CSLabel","colorB":188,"colorG":143,"colorR":75,"customProperty":"","flipX":false,"flipY":false,"height":17,"ignoreSize":true,"layoutParameter":null,"opacity":255,"positionPercentX":0.346875,"positionPercentY":0.829166651,"positionType":0,"rotation":0,"scaleX":1,"scaleY":1,"sizePercentX":0.0875,"sizePercentY":0.0291666668,"sizeType":0,"tag":20,"touchAble":false,"useMergedTexture":false,"visible":true,"width":36,"x":111,"y":398,"areaHeight":0,"areaWidth":0,"fontFile":null,"fontName":"BAUHS93.TTF","fontSize":17,"hAlignment":0,"text":"9999","touchScaleEnable":false,"vAlignment":0}},{"classname":"Label","name":null,"children":[],"options":{"__type":"LabelSurrogate:#EditorCommon.JsonModel.Component.GUI","classname":"Label","name":"lb10","ZOrder":1,"actiontag":31595685,"anchorPointX":0,"anchorPointY":0.5,"classType":"CocoStudio.EngineAdapterWrap.CSLabel","colorB":166,"colorG":186,"colorR":3,"customProperty":"","flipX":false,"flipY":false,"height":17,"ignoreSize":true,"layoutParameter":null,"opacity":255,"positionPercentX":0.346875,"positionPercentY":0.372916669,"positionType":0,"rotation":0,"scaleX":1,"scaleY":1,"sizePercentX":0.0875,"sizePercentY":0.0291666668,"sizeType":0,"tag":24,"touchAble":false,"useMergedTexture":false,"visible":true,"width":36,"x":111,"y":179,"areaHeight":0,"areaWidth":0,"fontFile":null,"fontName":"BAUHS93.TTF","fontSize":17,"hAlignment":0,"text":"9999","touchScaleEnable":false,"vAlignment":0}},{"classname":"Label","name":null,"children":[],"options":{"__type":"LabelSurrogate:#EditorCommon.JsonModel.Component.GUI","classname":"Label","name":"lb11","ZOrder":1,"actiontag":18860320,"anchorPointX":0.5,"anchorPointY":0.5,"classType":"CocoStudio.EngineAdapterWrap.CSLabel","colorB":0,"colorG":79,"colorR":178,"customProperty":"","flipX":false,"flipY":false,"height":18,"ignoreSize":true,"layoutParameter":null,"opacity":255,"positionPercentX":0.8,"positionPercentY":0.670833349,"positionType":0,"rotation":0,"scaleX":1,"scaleY":1,"sizePercentX":0.1,"sizePercentY":0.0333333351,"sizeType":0,"tag":28,"touchAble":false,"useMergedTexture":false,"visible":true,"width":36,"x":256,"y":322,"areaHeight":0,"areaWidth":0,"fontFile":null,"fontName":"BAUHS93.TTF","fontSize":18,"hAlignment":0,"text":"9999","touchScaleEnable":false,"vAlignment":0}},{"classname":"Label","name":null,"children":[],"options":{"__type":"LabelSurrogate:#EditorCommon.JsonModel.Component.GUI","classname":"Label","name":"lb12","ZOrder":1,"actiontag":48645664,"anchorPointX":0,"anchorPointY":0.5,"classType":"CocoStudio.EngineAdapterWrap.CSLabel","colorB":166,"colorG":186,"colorR":3,"customProperty":"","flipX":false,"flipY":false,"height":17,"ignoreSize":true,"layoutParameter":null,"opacity":255,"positionPercentX":0.346875,"positionPercentY":0.3125,"positionType":0,"rotation":0,"scaleX":1,"scaleY":1,"sizePercentX":0.0875,"sizePercentY":0.0291666668,"sizeType":0,"tag":55,"touchAble":false,"useMergedTexture":false,"visible":true,"width":36,"x":111,"y":150,"areaHeight":0,"areaWidth":0,"fontFile":null,"fontName":"BAUHS93.TTF","fontSize":17,"hAlignment":0,"text":"9999","touchScaleEnable":false,"vAlignment":0}},{"classname":"Label","name":null,"children":[],"options":{"__type":"LabelSurrogate:#EditorCommon.JsonModel.Component.GUI","classname":"Label","name":"lb13","ZOrder":3,"actiontag":22172819,"anchorPointX":0.5,"anchorPointY":0.5,"classType":"CocoStudio.EngineAdapterWrap.CSLabel","colorB":0,"colorG":53,"colorR":255,"customProperty":"","flipX":false,"flipY":false,"height":14,"ignoreSize":true,"layoutParameter":null,"opacity":255,"positionPercentX":0.5,"positionPercentY":0.229166672,"positionType":0,"rotation":0,"scaleX":1,"scaleY":1,"sizePercentX":0.175,"sizePercentY":0.0291666668,"sizeType":0,"tag":57,"touchAble":false,"useMergedTexture":false,"visible":true,"width":56,"x":160,"y":110,"areaHeight":0,"areaWidth":0,"fontFile":null,"fontName":"BAUHS93.TTF","fontSize":14,"hAlignment":0,"text":"559\/9999","touchScaleEnable":false,"vAlignment":0}},{"classname":"Label","name":null,"children":[],"options":{"__type":"LabelSurrogate:#EditorCommon.JsonModel.Component.GUI","classname":"Label","name":"lb15","ZOrder":2,"actiontag":49054643,"anchorPointX":0.5,"anchorPointY":0.5,"classType":"CocoStudio.EngineAdapterWrap.CSLabel","colorB":104,"colorG":81,"colorR":197,"customProperty":"","flipX":false,"flipY":false,"height":14,"ignoreSize":true,"layoutParameter":null,"opacity":255,"positionPercentX":0.765625,"positionPercentY":0.316666663,"positionType":0,"rotation":0,"scaleX":1,"scaleY":1,"sizePercentX":0.05625,"sizePercentY":0.025,"sizeType":0,"tag":100,"touchAble":false,"useMergedTexture":false,"visible":true,"width":21,"x":245,"y":152,"areaHeight":0,"areaWidth":0,"fontFile":null,"fontName":"BAUHS93.TTF","fontSize":14,"hAlignment":0,"text":"120","touchScaleEnable":false,"vAlignment":0}},{"classname":"Label","name":null,"children":[],"options":{"__type":"LabelSurrogate:#EditorCommon.JsonModel.Component.GUI","classname":"Label","name":"lb5","ZOrder":1,"actiontag":57619318,"anchorPointX":0,"anchorPointY":0.5,"classType":"CocoStudio.EngineAdapterWrap.CSLabel","colorB":35,"colorG":105,"colorR":229,"customProperty":"","flipX":false,"flipY":false,"height":17,"ignoreSize":true,"layoutParameter":null,"opacity":255,"positionPercentX":0.346875,"positionPercentY":0.5125,"positionType":0,"rotation":0,"scaleX":1,"scaleY":1,"sizePercentX":0.065625,"sizePercentY":0.0291666668,"sizeType":0,"tag":232,"touchAble":false,"useMergedTexture":false,"visible":true,"width":27,"x":111,"y":246,"areaHeight":0,"areaWidth":0,"fontFile":null,"fontName":"BAUHS93.TTF","fontSize":17,"hAlignment":0,"text":"999","touchScaleEnable":false,"vAlignment":0}},{"classname":"Label","name":null,"children":[],"options":{"__type":"LabelSurrogate:#EditorCommon.JsonModel.Component.GUI","classname":"Label","name":"lb7","ZOrder":1,"actiontag":12425546,"anchorPointX":0,"anchorPointY":0.5,"classType":"CocoStudio.EngineAdapterWrap.CSLabel","colorB":35,"colorG":105,"colorR":229,"customProperty":"","flipX":false,"flipY":false,"height":17,"ignoreSize":true,"layoutParameter":null,"opacity":255,"positionPercentX":0.346875,"positionPercentY":0.441666663,"positionType":0,"rotation":0,"scaleX":1,"scaleY":1,"sizePercentX":0.065625,"sizePercentY":0.0291666668,"sizeType":0,"tag":233,"touchAble":false,"useMergedTexture":false,"visible":true,"width":27,"x":111,"y":212,"areaHeight":0,"areaWidth":0,"fontFile":null,"fontName":"BAUHS93.TTF","fontSize":17,"hAlignment":0,"text":"999","touchScaleEnable":false,"vAlignment":0}},{"classname":"Label","name":null,"children":[],"options":{"__type":"LabelSurrogate:#EditorCommon.JsonModel.Component.GUI","classname":"Label","name":"lb8","ZOrder":1,"actiontag":36188943,"anchorPointX":0,"anchorPointY":0.5,"classType":"CocoStudio.EngineAdapterWrap.CSLabel","colorB":35,"colorG":105,"colorR":229,"customProperty":"","flipX":false,"flipY":false,"height":17,"ignoreSize":true,"layoutParameter":null,"opacity":255,"positionPercentX":0.596875,"positionPercentY":0.441666663,"positionType":0,"rotation":0,"scaleX":1,"scaleY":1,"sizePercentX":0.065625,"sizePercentY":0.0291666668,"sizeType":0,"tag":234,"touchAble":false,"useMergedTexture":false,"visible":true,"width":27,"x":191,"y":212,"areaHeight":0,"areaWidth":0,"fontFile":null,"fontName":"BAUHS93.TTF","fontSize":17,"hAlignment":0,"text":"999","touchScaleEnable":false,"vAlignment":0}}],"options":{"__type":"PanelSurrogate:#EditorCommon.JsonModel.Component.GUI","classname":"Panel","name":"Panel_14","ZOrder":0,"actiontag":-1,"anchorPointX":0,"anchorPointY":0,"classType":"CocoStudio.EngineAdapterWrap.CSPanel","colorB":255,"colorG":255,"colorR":255,"customProperty":"","flipX":false,"flipY":false,"height":480,"ignoreSize":false,"layoutParameter":null,"opacity":255,"positionPercentX":0,"positionPercentY":0,"positionType":0,"rotation":0,"scaleX":1,"scaleY":1,"sizePercentX":1,"sizePercentY":1,"sizeType":0,"tag":3,"touchAble":true,"useMergedTexture":false,"visible":true,"width":320,"x":0,"y":0,"adaptScreen":false,"backGroundImage":null,"backGroundImageData":null,"backGroundScale9Enable":false,"bgColorB":255,"bgColorG":200,"bgColorOpacity":0,"bgColorR":150,"bgEndColorB":255,"bgEndColorG":200,"bgEndColorR":150,"bgStartColorB":255,"bgStartColorG":255,"bgStartColorR":255,"capInsetsHeight":1,"capInsetsWidth":1,"capInsetsX":0,"capInsetsY":0,"clipAble":false,"colorType":1,"layoutType":0,"vectorX":0,"vectorY":-0.5}}}