{"classname":null,"name":null,"animation":{"classname":null,"name":"AnimationManager","actionlist":[]},"dataScale":1,"designHeight":480,"designWidth":320,"textures":[],"texturesPng":["left.png","right.png","shop.png","sureIm.png","chapter1.png","RoomUI.png","room.png","sureBt1.png","sureBt2.png","cancelBt1.png","cancelBt2.png","msblock.png","msblock1.png","msblock2.png","msblock3.png"],"version":"1.6.0.0","widgetTree":{"classname":"Panel","name":null,"children":[{"classname":"Button","name":null,"children":[],"options":{"__type":"ButtonSurrogate:#EditorCommon.JsonModel.Component.GUI","classname":"Button","name":"leftBt","ZOrder":1,"actiontag":18838598,"anchorPointX":0.5,"anchorPointY":0.5,"classType":"CocoStudio.EngineAdapterWrap.CSButton","colorB":255,"colorG":255,"colorR":255,"customProperty":"","flipX":false,"flipY":false,"height":61,"ignoreSize":true,"layoutParameter":null,"opacity":255,"positionPercentX":0.053125,"positionPercentY":0.58125,"positionType":0,"rotation":0,"scaleX":1,"scaleY":1,"sizePercentX":0.09375,"sizePercentY":0.127083331,"sizeType":0,"tag":39,"touchAble":true,"useMergedTexture":false,"visible":true,"width":30,"x":17,"y":279,"capInsetsHeight":1,"capInsetsWidth":1,"capInsetsX":0,"capInsetsY":0,"disabled":null,"disabledData":{"path":null,"plistFile":null,"resourceType":0},"fontName":"微软雅黑","fontSize":14,"fontType":0,"normal":null,"normalData":{"path":"left.png","plistFile":"","resourceType":0},"pressed":null,"pressedData":{"path":null,"plistFile":null,"resourceType":0},"scale9Enable":false,"scale9Height":61,"scale9Width":30,"text":"","textColorB":255,"textColorG":255,"textColorR":255}},{"classname":"Button","name":null,"children":[],"options":{"__type":"ButtonSurrogate:#EditorCommon.JsonModel.Component.GUI","classname":"Button","name":"rightBt","ZOrder":1,"actiontag":8464456,"anchorPointX":0.5,"anchorPointY":0.5,"classType":"CocoStudio.EngineAdapterWrap.CSButton","colorB":255,"colorG":255,"colorR":255,"customProperty":"","flipX":false,"flipY":false,"height":61,"ignoreSize":true,"layoutParameter":null,"opacity":255,"positionPercentX":0.946875,"positionPercentY":0.579166651,"positionType":0,"rotation":0,"scaleX":1,"scaleY":1,"sizePercentX":0.09375,"sizePercentY":0.127083331,"sizeType":0,"tag":40,"touchAble":true,"useMergedTexture":false,"visible":true,"width":30,"x":303,"y":278,"capInsetsHeight":1,"capInsetsWidth":1,"capInsetsX":0,"capInsetsY":0,"disabled":null,"disabledData":{"path":null,"plistFile":null,"resourceType":0},"fontName":"微软雅黑","fontSize":14,"fontType":0,"normal":null,"normalData":{"path":"right.png","plistFile":"","resourceType":0},"pressed":null,"pressedData":{"path":null,"plistFile":null,"resourceType":0},"scale9Enable":false,"scale9Height":61,"scale9Width":30,"text":"","textColorB":255,"textColorG":255,"textColorR":255}},{"classname":"Button","name":null,"children":[],"options":{"__type":"ButtonSurrogate:#EditorCommon.JsonModel.Component.GUI","classname":"Button","name":"shopBt","ZOrder":2,"actiontag":27586093,"anchorPointX":1,"anchorPointY":1,"classType":"CocoStudio.EngineAdapterWrap.CSButton","colorB":255,"colorG":255,"colorR":255,"customProperty":"","flipX":false,"flipY":false,"height":48,"ignoreSize":true,"layoutParameter":null,"opacity":255,"positionPercentX":1,"positionPercentY":1,"positionType":0,"rotation":0,"scaleX":1,"scaleY":1,"sizePercentX":0.14375,"sizePercentY":0.1,"sizeType":0,"tag":98,"touchAble":true,"useMergedTexture":false,"visible":true,"width":46,"x":320,"y":480,"capInsetsHeight":1,"capInsetsWidth":1,"capInsetsX":0,"capInsetsY":0,"disabled":null,"disabledData":{"path":null,"plistFile":null,"resourceType":0},"fontName":"微软雅黑","fontSize":14,"fontType":0,"normal":null,"normalData":{"path":"shop.png","plistFile":"","resourceType":0},"pressed":null,"pressedData":{"path":null,"plistFile":null,"resourceType":0},"scale9Enable":false,"scale9Height":48,"scale9Width":46,"text":"","textColorB":255,"textColorG":255,"textColorR":255}},{"classname":"Label","name":null,"children":[],"options":{"__type":"LabelSurrogate:#EditorCommon.JsonModel.Component.GUI","classname":"Label","name":"sureLb1","ZOrder":5,"actiontag":11163440,"anchorPointX":0.5,"anchorPointY":0.5,"classType":"CocoStudio.EngineAdapterWrap.CSLabel","colorB":19,"colorG":57,"colorR":105,"customProperty":"","flipX":false,"flipY":false,"height":15,"ignoreSize":true,"layoutParameter":null,"opacity":255,"positionPercentX":0.484375,"positionPercentY":0.735416651,"positionType":0,"rotation":0,"scaleX":1,"scaleY":1,"sizePercentX":0.1875,"sizePercentY":0.03125,"sizeType":0,"tag":143,"touchAble":false,"useMergedTexture":false,"visible":false,"width":60,"x":155,"y":353,"areaHeight":0,"areaWidth":0,"fontFile":null,"fontName":"MyriadPro Regular.ttf","fontSize":15,"hAlignment":0,"text":"解锁关卡","touchScaleEnable":false,"vAlignment":0}},{"classname":"ImageView","name":null,"children":[],"options":{"__type":"ImageViewSurrogate:#EditorCommon.JsonModel.Component.GUI","classname":"ImageView","name":"sureIm","ZOrder":3,"actiontag":54096069,"anchorPointX":0.5,"anchorPointY":0.5,"classType":"CocoStudio.EngineAdapterWrap.CSImageView","colorB":255,"colorG":255,"colorR":255,"customProperty":"","flipX":false,"flipY":false,"height":169,"ignoreSize":true,"layoutParameter":null,"opacity":255,"positionPercentX":0.5,"positionPercentY":0.69375,"positionType":0,"rotation":0,"scaleX":1,"scaleY":1,"sizePercentX":0.784375,"sizePercentY":0.352083325,"sizeType":0,"tag":141,"touchAble":false,"useMergedTexture":false,"visible":false,"width":251,"x":160,"y":333,"capInsetsHeight":1,"capInsetsWidth":1,"capInsetsX":0,"capInsetsY":0,"fileName":null,"fileNameData":{"path":"sureIm.png","plistFile":"","resourceType":0},"scale9Enable":false,"scale9Height":169,"scale9Width":251}},{"classname":"ImageView","name":null,"children":[],"options":{"__type":"ImageViewSurrogate:#EditorCommon.JsonModel.Component.GUI","classname":"ImageView","name":"chapterIm","ZOrder":1,"actiontag":47826462,"anchorPointX":0.5,"anchorPointY":0.5,"classType":"CocoStudio.EngineAdapterWrap.CSImageView","colorB":255,"colorG":255,"colorR":255,"customProperty":"","flipX":false,"flipY":false,"height":16,"ignoreSize":true,"layoutParameter":null,"opacity":255,"positionPercentX":0.5,"positionPercentY":0.89375,"positionType":0,"rotation":0,"scaleX":1,"scaleY":1,"sizePercentX":0.3375,"sizePercentY":0.0333333351,"sizeType":0,"tag":176,"touchAble":false,"useMergedTexture":false,"visible":true,"width":108,"x":160,"y":429,"capInsetsHeight":1,"capInsetsWidth":1,"capInsetsX":0,"capInsetsY":0,"fileName":null,"fileNameData":{"path":"chapter1.png","plistFile":"","resourceType":0},"scale9Enable":false,"scale9Height":16,"scale9Width":108}},{"classname":"Label","name":null,"children":[],"options":{"__type":"LabelSurrogate:#EditorCommon.JsonModel.Component.GUI","classname":"Label","name":"goldLb","ZOrder":2,"actiontag":64667859,"anchorPointX":0.5,"anchorPointY":0.5,"classType":"CocoStudio.EngineAdapterWrap.CSLabel","colorB":0,"colorG":215,"colorR":255,"customProperty":"","flipX":false,"flipY":false,"height":13,"ignoreSize":true,"layoutParameter":null,"opacity":255,"positionPercentX":0.74375,"positionPercentY":0.952083349,"positionType":0,"rotation":0,"scaleX":1,"scaleY":1,"sizePercentX":0.04375,"sizePercentY":0.0270833336,"sizeType":0,"tag":207,"touchAble":false,"useMergedTexture":false,"visible":true,"width":14,"x":238,"y":457,"areaHeight":0,"areaWidth":0,"fontFile":null,"fontName":"BAUHS93.TTF","fontSize":13,"hAlignment":0,"text":"99","touchScaleEnable":false,"vAlignment":0}},{"classname":"ImageView","name":null,"children":[],"options":{"__type":"ImageViewSurrogate:#EditorCommon.JsonModel.Component.GUI","classname":"ImageView","name":"backgroundIm","ZOrder":0,"actiontag":1,"anchorPointX":0,"anchorPointY":0,"classType":"CocoStudio.EngineAdapterWrap.CSImageView","colorB":255,"colorG":255,"colorR":255,"customProperty":"","flipX":false,"flipY":false,"height":480,"ignoreSize":true,"layoutParameter":null,"opacity":255,"positionPercentX":0,"positionPercentY":0,"positionType":0,"rotation":0,"scaleX":1,"scaleY":1,"sizePercentX":1,"sizePercentY":1,"sizeType":0,"tag":22,"touchAble":false,"useMergedTexture":false,"visible":true,"width":320,"x":0,"y":0,"capInsetsHeight":1,"capInsetsWidth":1,"capInsetsX":0,"capInsetsY":0,"fileName":null,"fileNameData":{"path":"RoomUI.png","plistFile":"","resourceType":0},"scale9Enable":false,"scale9Height":480,"scale9Width":320}},{"classname":"Button","name":null,"children":[],"options":{"__type":"ButtonSurrogate:#EditorCommon.JsonModel.Component.GUI","classname":"Button","name":"returnBt","ZOrder":1,"actiontag":3,"anchorPointX":0,"anchorPointY":1,"classType":"CocoStudio.EngineAdapterWrap.CSButton","colorB":255,"colorG":255,"colorR":255,"customProperty":"","flipX":false,"flipY":false,"height":48,"ignoreSize":true,"layoutParameter":null,"opacity":255,"positionPercentX":0,"positionPercentY":1,"positionType":0,"rotation":0,"scaleX":1,"scaleY":1,"sizePercentX":0.14375,"sizePercentY":0.1,"sizeType":0,"tag":26,"touchAble":true,"useMergedTexture":false,"visible":true,"width":46,"x":0,"y":480,"capInsetsHeight":1,"capInsetsWidth":1,"capInsetsX":0,"capInsetsY":0,"disabled":null,"disabledData":{"path":null,"plistFile":null,"resourceType":0},"fontName":"微软雅黑","fontSize":14,"fontType":0,"normal":null,"normalData":{"path":"room.png","plistFile":"","resourceType":0},"pressed":null,"pressedData":{"path":null,"plistFile":null,"resourceType":0},"scale9Enable":false,"scale9Height":48,"scale9Width":46,"text":"","textColorB":255,"textColorG":255,"textColorR":255}},{"classname":"Button","name":null,"children":[],"options":{"__type":"ButtonSurrogate:#EditorCommon.JsonModel.Component.GUI","classname":"Button","name":"sureBt2","ZOrder":5,"actiontag":24955165,"anchorPointX":0.5,"anchorPointY":0.5,"classType":"CocoStudio.EngineAdapterWrap.CSButton","colorB":255,"colorG":255,"colorR":255,"customProperty":"","flipX":false,"flipY":false,"height":30,"ignoreSize":true,"layoutParameter":null,"opacity":255,"positionPercentX":0.5,"positionPercentY":0.608333349,"positionType":0,"rotation":0,"scaleX":1,"scaleY":1,"sizePercentX":0.2875,"sizePercentY":0.0625,"sizeType":0,"tag":129,"touchAble":true,"useMergedTexture":false,"visible":false,"width":92,"x":160,"y":292,"capInsetsHeight":1,"capInsetsWidth":1,"capInsetsX":0,"capInsetsY":0,"disabled":null,"disabledData":{"path":null,"plistFile":null,"resourceType":0},"fontName":"微软雅黑","fontSize":14,"fontType":0,"normal":null,"normalData":{"path":"sureBt1.png","plistFile":"","resourceType":0},"pressed":null,"pressedData":{"path":"sureBt2.png","plistFile":"","resourceType":0},"scale9Enable":false,"scale9Height":30,"scale9Width":92,"text":"","textColorB":255,"textColorG":255,"textColorR":255}},{"classname":"Button","name":null,"children":[],"options":{"__type":"ButtonSurrogate:#EditorCommon.JsonModel.Component.GUI","classname":"Button","name":"sureBt3","ZOrder":5,"actiontag":43276139,"anchorPointX":0.5,"anchorPointY":0.5,"classType":"CocoStudio.EngineAdapterWrap.CSButton","colorB":255,"colorG":255,"colorR":255,"customProperty":"","flipX":false,"flipY":false,"height":33,"ignoreSize":true,"layoutParameter":null,"opacity":255,"positionPercentX":0.675,"positionPercentY":0.608333349,"positionType":0,"rotation":0,"scaleX":1,"scaleY":1,"sizePercentX":0.2875,"sizePercentY":0.06875,"sizeType":0,"tag":128,"touchAble":true,"useMergedTexture":false,"visible":false,"width":92,"x":216,"y":292,"capInsetsHeight":1,"capInsetsWidth":1,"capInsetsX":0,"capInsetsY":0,"disabled":null,"disabledData":{"path":null,"plistFile":null,"resourceType":0},"fontName":"微软雅黑","fontSize":14,"fontType":0,"normal":null,"normalData":{"path":"cancelBt1.png","plistFile":"","resourceType":0},"pressed":null,"pressedData":{"path":"cancelBt2.png","plistFile":"","resourceType":0},"scale9Enable":false,"scale9Height":33,"scale9Width":92,"text":"","textColorB":255,"textColorG":255,"textColorR":255}},{"classname":"Button","name":null,"children":[],"options":{"__type":"ButtonSurrogate:#EditorCommon.JsonModel.Component.GUI","classname":"Button","name":"sureBt1","ZOrder":4,"actiontag":40622496,"anchorPointX":0.5,"anchorPointY":0.5,"classType":"CocoStudio.EngineAdapterWrap.CSButton","colorB":255,"colorG":255,"colorR":255,"customProperty":"","flipX":false,"flipY":false,"height":30,"ignoreSize":true,"layoutParameter":null,"opacity":255,"positionPercentX":0.325,"positionPercentY":0.60625,"positionType":0,"rotation":0,"scaleX":1,"scaleY":1,"sizePercentX":0.2875,"sizePercentY":0.0625,"sizeType":0,"tag":127,"touchAble":true,"useMergedTexture":false,"visible":false,"width":92,"x":104,"y":291,"capInsetsHeight":1,"capInsetsWidth":1,"capInsetsX":0,"capInsetsY":0,"disabled":null,"disabledData":{"path":null,"plistFile":null,"resourceType":0},"fontName":"微软雅黑","fontSize":14,"fontType":0,"normal":null,"normalData":{"path":"sureBt1.png","plistFile":"","resourceType":0},"pressed":null,"pressedData":{"path":"sureBt2.png","plistFile":"","resourceType":0},"scale9Enable":false,"scale9Height":30,"scale9Width":92,"text":"","textColorB":255,"textColorG":255,"textColorR":255}},{"classname":"Panel","name":null,"children":[{"classname":"Label","name":null,"children":[],"options":{"__type":"LabelSurrogate:#EditorCommon.JsonModel.Component.GUI","classname":"Label","name":"lb12","ZOrder":2,"actiontag":60534335,"anchorPointX":0,"anchorPointY":0.5,"classType":"CocoStudio.EngineAdapterWrap.CSLabel","colorB":0,"colorG":0,"colorR":139,"customProperty":"","flipX":false,"flipY":false,"height":12,"ignoreSize":true,"layoutParameter":null,"opacity":255,"positionPercentX":23600,"positionPercentY":7700,"positionType":0,"rotation":0,"scaleX":1,"scaleY":1,"sizePercentX":2400,"sizePercentY":1200,"sizeType":0,"tag":535,"touchAble":false,"useMergedTexture":false,"visible":true,"width":24,"x":236,"y":77,"areaHeight":0,"areaWidth":0,"fontFile":null,"fontName":"MyriadPro Regular.ttf","fontSize":12,"hAlignment":0,"text":"5711","touchScaleEnable":false,"vAlignment":0}},{"classname":"Label","name":null,"children":[],"options":{"__type":"LabelSurrogate:#EditorCommon.JsonModel.Component.GUI","classname":"Label","name":"lb11","ZOrder":2,"actiontag":7938103,"anchorPointX":0,"anchorPointY":0.5,"classType":"CocoStudio.EngineAdapterWrap.CSLabel","colorB":0,"colorG":0,"colorR":139,"customProperty":"","flipX":false,"flipY":false,"height":12,"ignoreSize":true,"layoutParameter":null,"opacity":255,"positionPercentX":15200,"positionPercentY":7700,"positionType":0,"rotation":0,"scaleX":1,"scaleY":1,"sizePercentX":2400,"sizePercentY":1200,"sizeType":0,"tag":536,"touchAble":false,"useMergedTexture":false,"visible":true,"width":24,"x":152,"y":77,"areaHeight":0,"areaWidth":0,"fontFile":null,"fontName":"MyriadPro Regular.ttf","fontSize":12,"hAlignment":0,"text":"5711","touchScaleEnable":false,"vAlignment":0}},{"classname":"Label","name":null,"children":[],"options":{"__type":"LabelSurrogate:#EditorCommon.JsonModel.Component.GUI","classname":"Label","name":"lb10","ZOrder":2,"actiontag":4334068,"anchorPointX":0,"anchorPointY":0.5,"classType":"CocoStudio.EngineAdapterWrap.CSLabel","colorB":0,"colorG":0,"colorR":139,"customProperty":"","flipX":false,"flipY":false,"height":12,"ignoreSize":true,"layoutParameter":null,"opacity":255,"positionPercentX":7000,"positionPercentY":7700,"positionType":0,"rotation":0,"scaleX":1,"scaleY":1,"sizePercentX":2400,"sizePercentY":1200,"sizeType":0,"tag":537,"touchAble":false,"useMergedTexture":false,"visible":true,"width":24,"x":70,"y":77,"areaHeight":0,"areaWidth":0,"fontFile":null,"fontName":"MyriadPro Regular.ttf","fontSize":12,"hAlignment":0,"text":"5711","touchScaleEnable":false,"vAlignment":0}},{"classname":"Label","name":null,"children":[],"options":{"__type":"LabelSurrogate:#EditorCommon.JsonModel.Component.GUI","classname":"Label","name":"lb8","ZOrder":2,"actiontag":39006613,"anchorPointX":0,"anchorPointY":0.5,"classType":"CocoStudio.EngineAdapterWrap.CSLabel","colorB":0,"colorG":0,"colorR":139,"customProperty":"","flipX":false,"flipY":false,"height":12,"ignoreSize":true,"layoutParameter":null,"opacity":255,"positionPercentX":15200,"positionPercentY":16700,"positionType":0,"rotation":0,"scaleX":1,"scaleY":1,"sizePercentX":2400,"sizePercentY":1200,"sizeType":0,"tag":538,"touchAble":false,"useMergedTexture":false,"visible":true,"width":24,"x":152,"y":167,"areaHeight":0,"areaWidth":0,"fontFile":null,"fontName":"MyriadPro Regular.ttf","fontSize":12,"hAlignment":0,"text":"5711","touchScaleEnable":false,"vAlignment":0}},{"classname":"Label","name":null,"children":[],"options":{"__type":"LabelSurrogate:#EditorCommon.JsonModel.Component.GUI","classname":"Label","name":"lb7","ZOrder":2,"actiontag":15515205,"anchorPointX":0,"anchorPointY":0.5,"classType":"CocoStudio.EngineAdapterWrap.CSLabel","colorB":0,"colorG":0,"colorR":139,"customProperty":"","flipX":false,"flipY":false,"height":12,"ignoreSize":true,"layoutParameter":null,"opacity":255,"positionPercentX":7000,"positionPercentY":16700,"positionType":0,"rotation":0,"scaleX":1,"scaleY":1,"sizePercentX":2400,"sizePercentY":1200,"sizeType":0,"tag":539,"touchAble":false,"useMergedTexture":false,"visible":true,"width":24,"x":70,"y":167,"areaHeight":0,"areaWidth":0,"fontFile":null,"fontName":"MyriadPro Regular.ttf","fontSize":12,"hAlignment":0,"text":"5711","touchScaleEnable":false,"vAlignment":0}},{"classname":"Label","name":null,"children":[],"options":{"__type":"LabelSurrogate:#EditorCommon.JsonModel.Component.GUI","classname":"Label","name":"lb6","ZOrder":2,"actiontag":5419124,"anchorPointX":0,"anchorPointY":0.5,"classType":"CocoStudio.EngineAdapterWrap.CSLabel","colorB":0,"colorG":0,"colorR":139,"customProperty":"","flipX":false,"flipY":false,"height":12,"ignoreSize":true,"layoutParameter":null,"opacity":255,"positionPercentX":23600,"positionPercentY":25700,"positionType":0,"rotation":0,"scaleX":1,"scaleY":1,"sizePercentX":2400,"sizePercentY":1200,"sizeType":0,"tag":540,"touchAble":false,"useMergedTexture":false,"visible":true,"width":24,"x":236,"y":257,"areaHeight":0,"areaWidth":0,"fontFile":null,"fontName":"MyriadPro Regular.ttf","fontSize":12,"hAlignment":0,"text":"5711","touchScaleEnable":false,"vAlignment":0}},{"classname":"Label","name":null,"children":[],"options":{"__type":"LabelSurrogate:#EditorCommon.JsonModel.Component.GUI","classname":"Label","name":"lb5","ZOrder":2,"actiontag":48772124,"anchorPointX":0,"anchorPointY":0.5,"classType":"CocoStudio.EngineAdapterWrap.CSLabel","colorB":0,"colorG":0,"colorR":139,"customProperty":"","flipX":false,"flipY":false,"height":12,"ignoreSize":true,"layoutParameter":null,"opacity":255,"positionPercentX":15200,"positionPercentY":25700,"positionType":0,"rotation":0,"scaleX":1,"scaleY":1,"sizePercentX":2400,"sizePercentY":1200,"sizeType":0,"tag":541,"touchAble":false,"useMergedTexture":false,"visible":true,"width":24,"x":152,"y":257,"areaHeight":0,"areaWidth":0,"fontFile":null,"fontName":"MyriadPro Regular.ttf","fontSize":12,"hAlignment":0,"text":"5711","touchScaleEnable":false,"vAlignment":0}},{"classname":"Label","name":null,"children":[],"options":{"__type":"LabelSurrogate:#EditorCommon.JsonModel.Component.GUI","classname":"Label","name":"lb4","ZOrder":2,"actiontag":36295932,"anchorPointX":0,"anchorPointY":0.5,"classType":"CocoStudio.EngineAdapterWrap.CSLabel","colorB":0,"colorG":0,"colorR":139,"customProperty":"","flipX":false,"flipY":false,"height":12,"ignoreSize":true,"layoutParameter":null,"opacity":255,"positionPercentX":7000,"positionPercentY":25700,"positionType":0,"rotation":0,"scaleX":1,"scaleY":1,"sizePercentX":2400,"sizePercentY":1200,"sizeType":0,"tag":542,"touchAble":false,"useMergedTexture":false,"visible":true,"width":24,"x":70,"y":257,"areaHeight":0,"areaWidth":0,"fontFile":null,"fontName":"MyriadPro Regular.ttf","fontSize":12,"hAlignment":0,"text":"5711","touchScaleEnable":false,"vAlignment":0}},{"classname":"Label","name":null,"children":[],"options":{"__type":"LabelSurrogate:#EditorCommon.JsonModel.Component.GUI","classname":"Label","name":"lb2","ZOrder":2,"actiontag":58227934,"anchorPointX":0,"anchorPointY":0.5,"classType":"CocoStudio.EngineAdapterWrap.CSLabel","colorB":0,"colorG":0,"colorR":139,"customProperty":"","flipX":false,"flipY":false,"height":12,"ignoreSize":true,"layoutParameter":null,"opacity":255,"positionPercentX":15200,"positionPercentY":34700,"positionType":0,"rotation":0,"scaleX":1,"scaleY":1,"sizePercentX":2400,"sizePercentY":1200,"sizeType":0,"tag":543,"touchAble":false,"useMergedTexture":false,"visible":true,"width":24,"x":152,"y":347,"areaHeight":0,"areaWidth":0,"fontFile":null,"fontName":"MyriadPro Regular.ttf","fontSize":12,"hAlignment":0,"text":"5711","touchScaleEnable":false,"vAlignment":0}},{"classname":"Label","name":null,"children":[],"options":{"__type":"LabelSurrogate:#EditorCommon.JsonModel.Component.GUI","classname":"Label","name":"lb3","ZOrder":2,"actiontag":54289364,"anchorPointX":0,"anchorPointY":0.5,"classType":"CocoStudio.EngineAdapterWrap.CSLabel","colorB":0,"colorG":0,"colorR":139,"customProperty":"","flipX":false,"flipY":false,"height":12,"ignoreSize":true,"layoutParameter":null,"opacity":255,"positionPercentX":23600,"positionPercentY":34700,"positionType":0,"rotation":0,"scaleX":1,"scaleY":1,"sizePercentX":1200,"sizePercentY":1200,"sizeType":0,"tag":544,"touchAble":false,"useMergedTexture":false,"visible":true,"width":12,"x":236,"y":347,"areaHeight":0,"areaWidth":0,"fontFile":null,"fontName":"MyriadPro Regular.ttf","fontSize":12,"hAlignment":0,"text":"88","touchScaleEnable":false,"vAlignment":0}},{"classname":"Label","name":null,"children":[],"options":{"__type":"LabelSurrogate:#EditorCommon.JsonModel.Component.GUI","classname":"Label","name":"lb9","ZOrder":2,"actiontag":38984101,"anchorPointX":0,"anchorPointY":0.5,"classType":"CocoStudio.EngineAdapterWrap.CSLabel","colorB":0,"colorG":0,"colorR":139,"customProperty":"","flipX":false,"flipY":false,"height":12,"ignoreSize":true,"layoutParameter":null,"opacity":255,"positionPercentX":23600,"positionPercentY":16700,"positionType":0,"rotation":0,"scaleX":1,"scaleY":1,"sizePercentX":2400,"sizePercentY":1200,"sizeType":0,"tag":554,"touchAble":false,"useMergedTexture":false,"visible":true,"width":24,"x":236,"y":167,"areaHeight":0,"areaWidth":0,"fontFile":null,"fontName":"MyriadPro Regular.ttf","fontSize":12,"hAlignment":0,"text":"5711","touchScaleEnable":false,"vAlignment":0}},{"classname":"Label","name":null,"children":[],"options":{"__type":"LabelSurrogate:#EditorCommon.JsonModel.Component.GUI","classname":"Label","name":"lb1","ZOrder":2,"actiontag":3953892,"anchorPointX":0,"anchorPointY":0.5,"classType":"CocoStudio.EngineAdapterWrap.CSLabel","colorB":0,"colorG":0,"colorR":139,"customProperty":"","flipX":false,"flipY":false,"height":12,"ignoreSize":true,"layoutParameter":null,"opacity":255,"positionPercentX":7000.001,"positionPercentY":34700,"positionType":0,"rotation":0,"scaleX":1,"scaleY":1,"sizePercentX":2400,"sizePercentY":1200,"sizeType":0,"tag":556,"touchAble":false,"useMergedTexture":false,"visible":true,"width":24,"x":70,"y":347,"areaHeight":0,"areaWidth":0,"fontFile":null,"fontName":"MyriadPro Regular.ttf","fontSize":12,"hAlignment":0,"text":"5711","touchScaleEnable":false,"vAlignment":0}},{"classname":"Button","name":null,"children":[],"options":{"__type":"ButtonSurrogate:#EditorCommon.JsonModel.Component.GUI","classname":"Button","name":"bt1","ZOrder":1,"actiontag":51829869,"anchorPointX":0.5,"anchorPointY":0.5,"classType":"CocoStudio.EngineAdapterWrap.CSButton","colorB":255,"colorG":255,"colorR":255,"customProperty":"","flipX":false,"flipY":false,"height":63,"ignoreSize":true,"layoutParameter":null,"opacity":255,"positionPercentX":7700,"positionPercentY":36700,"positionType":0,"rotation":0,"scaleX":1,"scaleY":1,"sizePercentX":0.240625,"sizePercentY":0.160416663,"sizeType":1,"tag":1,"touchAble":true,"useMergedTexture":false,"visible":true,"width":59,"x":77,"y":367,"capInsetsHeight":60,"capInsetsWidth":60,"capInsetsX":5,"capInsetsY":5,"disabled":null,"disabledData":{"path":"msblock2.png","plistFile":"","resourceType":0},"fontName":"yihei.TTF","fontSize":24,"fontType":0,"normal":null,"normalData":{"path":"msblock.png","plistFile":"","resourceType":0},"pressed":null,"pressedData":{"path":"msblock1.png","plistFile":"","resourceType":0},"scale9Enable":false,"scale9Height":63,"scale9Width":59,"text":"1","textColorB":255,"textColorG":255,"textColorR":255}},{"classname":"Button","name":null,"children":[],"options":{"__type":"ButtonSurrogate:#EditorCommon.JsonModel.Component.GUI","classname":"Button","name":"bt12","ZOrder":1,"actiontag":18842229,"anchorPointX":0.5,"anchorPointY":0.5,"classType":"CocoStudio.EngineAdapterWrap.CSButton","colorB":255,"colorG":255,"colorR":255,"customProperty":"","flipX":false,"flipY":false,"height":63,"ignoreSize":true,"layoutParameter":null,"opacity":255,"positionPercentX":24300,"positionPercentY":9700,"positionType":0,"rotation":0,"scaleX":1,"scaleY":1,"sizePercentX":0.240625,"sizePercentY":0.160416663,"sizeType":1,"tag":12,"touchAble":true,"useMergedTexture":false,"visible":true,"width":59,"x":243,"y":97,"capInsetsHeight":60,"capInsetsWidth":60,"capInsetsX":5,"capInsetsY":5,"disabled":null,"disabledData":{"path":"msblock2.png","plistFile":"","resourceType":0},"fontName":"yihei.TTF","fontSize":24,"fontType":0,"normal":null,"normalData":{"path":"msblock.png","plistFile":"","resourceType":0},"pressed":null,"pressedData":{"path":"msblock1.png","plistFile":"","resourceType":0},"scale9Enable":false,"scale9Height":63,"scale9Width":59,"text":"12","textColorB":255,"textColorG":255,"textColorR":255}},{"classname":"Button","name":null,"children":[],"options":{"__type":"ButtonSurrogate:#EditorCommon.JsonModel.Component.GUI","classname":"Button","name":"bt11","ZOrder":1,"actiontag":35362340,"anchorPointX":0.5,"anchorPointY":0.5,"classType":"CocoStudio.EngineAdapterWrap.CSButton","colorB":255,"colorG":255,"colorR":255,"customProperty":"","flipX":false,"flipY":false,"height":63,"ignoreSize":true,"layoutParameter":null,"opacity":255,"positionPercentX":16000,"positionPercentY":9700,"positionType":0,"rotation":0,"scaleX":1,"scaleY":1,"sizePercentX":0.240625,"sizePercentY":0.160416663,"sizeType":1,"tag":11,"touchAble":true,"useMergedTexture":false,"visible":true,"width":59,"x":160,"y":97,"capInsetsHeight":60,"capInsetsWidth":60,"capInsetsX":5,"capInsetsY":5,"disabled":null,"disabledData":{"path":"msblock2.png","plistFile":"","resourceType":0},"fontName":"yihei.TTF","fontSize":24,"fontType":0,"normal":null,"normalData":{"path":"msblock.png","plistFile":"","resourceType":0},"pressed":null,"pressedData":{"path":"msblock1.png","plistFile":"","resourceType":0},"scale9Enable":false,"scale9Height":63,"scale9Width":59,"text":"11","textColorB":255,"textColorG":255,"textColorR":255}},{"classname":"Button","name":null,"children":[],"options":{"__type":"ButtonSurrogate:#EditorCommon.JsonModel.Component.GUI","classname":"Button","name":"bt10","ZOrder":1,"actiontag":49825609,"anchorPointX":0.5,"anchorPointY":0.5,"classType":"CocoStudio.EngineAdapterWrap.CSButton","colorB":255,"colorG":255,"colorR":255,"customProperty":"","flipX":false,"flipY":false,"height":63,"ignoreSize":true,"layoutParameter":null,"opacity":255,"positionPercentX":7700,"positionPercentY":9700,"positionType":0,"rotation":0,"scaleX":1,"scaleY":1,"sizePercentX":0.240625,"sizePercentY":0.160416663,"sizeType":1,"tag":10,"touchAble":true,"useMergedTexture":false,"visible":true,"width":59,"x":77,"y":97,"capInsetsHeight":60,"capInsetsWidth":60,"capInsetsX":5,"capInsetsY":5,"disabled":null,"disabledData":{"path":"msblock2.png","plistFile":"","resourceType":0},"fontName":"yihei.TTF","fontSize":24,"fontType":0,"normal":null,"normalData":{"path":"msblock.png","plistFile":"","resourceType":0},"pressed":null,"pressedData":{"path":"msblock1.png","plistFile":"","resourceType":0},"scale9Enable":false,"scale9Height":63,"scale9Width":59,"text":"10","textColorB":255,"textColorG":255,"textColorR":255}},{"classname":"Button","name":null,"children":[],"options":{"__type":"ButtonSurrogate:#EditorCommon.JsonModel.Component.GUI","classname":"Button","name":"bt9","ZOrder":1,"actiontag":45777301,"anchorPointX":0.5,"anchorPointY":0.5,"classType":"CocoStudio.EngineAdapterWrap.CSButton","colorB":255,"colorG":255,"colorR":255,"customProperty":"","flipX":false,"flipY":false,"height":63,"ignoreSize":true,"layoutParameter":null,"opacity":255,"positionPercentX":24300,"positionPercentY":18700,"positionType":0,"rotation":0,"scaleX":1,"scaleY":1,"sizePercentX":0.240625,"sizePercentY":0.160416663,"sizeType":1,"tag":9,"touchAble":true,"useMergedTexture":false,"visible":true,"width":59,"x":243,"y":187,"capInsetsHeight":60,"capInsetsWidth":60,"capInsetsX":5,"capInsetsY":5,"disabled":null,"disabledData":{"path":"msblock2.png","plistFile":"","resourceType":0},"fontName":"yihei.TTF","fontSize":24,"fontType":0,"normal":null,"normalData":{"path":"msblock.png","plistFile":"","resourceType":0},"pressed":null,"pressedData":{"path":"msblock1.png","plistFile":"","resourceType":0},"scale9Enable":false,"scale9Height":63,"scale9Width":59,"text":"9","textColorB":255,"textColorG":255,"textColorR":255}},{"classname":"Button","name":null,"children":[],"options":{"__type":"ButtonSurrogate:#EditorCommon.JsonModel.Component.GUI","classname":"Button","name":"bt8","ZOrder":1,"actiontag":21109909,"anchorPointX":0.5,"anchorPointY":0.5,"classType":"CocoStudio.EngineAdapterWrap.CSButton","colorB":255,"colorG":255,"colorR":255,"customProperty":"","flipX":false,"flipY":false,"height":63,"ignoreSize":true,"layoutParameter":null,"opacity":255,"positionPercentX":16000,"positionPercentY":18700,"positionType":0,"rotation":0,"scaleX":1,"scaleY":1,"sizePercentX":0.240625,"sizePercentY":0.160416663,"sizeType":1,"tag":8,"touchAble":true,"useMergedTexture":false,"visible":true,"width":59,"x":160,"y":187,"capInsetsHeight":60,"capInsetsWidth":60,"capInsetsX":5,"capInsetsY":5,"disabled":null,"disabledData":{"path":"msblock2.png","plistFile":"","resourceType":0},"fontName":"yihei.TTF","fontSize":24,"fontType":0,"normal":null,"normalData":{"path":"msblock.png","plistFile":"","resourceType":0},"pressed":null,"pressedData":{"path":"msblock1.png","plistFile":"","resourceType":0},"scale9Enable":false,"scale9Height":63,"scale9Width":59,"text":"8","textColorB":255,"textColorG":255,"textColorR":255}},{"classname":"Button","name":null,"children":[],"options":{"__type":"ButtonSurrogate:#EditorCommon.JsonModel.Component.GUI","classname":"Button","name":"bt7","ZOrder":1,"actiontag":55771454,"anchorPointX":0.5,"anchorPointY":0.5,"classType":"CocoStudio.EngineAdapterWrap.CSButton","colorB":255,"colorG":255,"colorR":255,"customProperty":"","flipX":false,"flipY":false,"height":63,"ignoreSize":true,"layoutParameter":null,"opacity":255,"positionPercentX":7700,"positionPercentY":18700,"positionType":0,"rotation":0,"scaleX":1,"scaleY":1,"sizePercentX":0.240625,"sizePercentY":0.160416663,"sizeType":1,"tag":7,"touchAble":true,"useMergedTexture":false,"visible":true,"width":59,"x":77,"y":187,"capInsetsHeight":60,"capInsetsWidth":60,"capInsetsX":5,"capInsetsY":5,"disabled":null,"disabledData":{"path":"msblock2.png","plistFile":"","resourceType":0},"fontName":"yihei.TTF","fontSize":24,"fontType":0,"normal":null,"normalData":{"path":"msblock.png","plistFile":"","resourceType":0},"pressed":null,"pressedData":{"path":"msblock1.png","plistFile":"","resourceType":0},"scale9Enable":false,"scale9Height":63,"scale9Width":59,"text":"7","textColorB":255,"textColorG":255,"textColorR":255}},{"classname":"Button","name":null,"children":[],"options":{"__type":"ButtonSurrogate:#EditorCommon.JsonModel.Component.GUI","classname":"Button","name":"bt6","ZOrder":1,"actiontag":32181039,"anchorPointX":0.5,"anchorPointY":0.5,"classType":"CocoStudio.EngineAdapterWrap.CSButton","colorB":255,"colorG":255,"colorR":255,"customProperty":"","flipX":false,"flipY":false,"height":63,"ignoreSize":true,"layoutParameter":null,"opacity":255,"positionPercentX":24362.5,"positionPercentY":27700,"positionType":0,"rotation":0,"scaleX":1,"scaleY":1,"sizePercentX":0.240625,"sizePercentY":0.160416663,"sizeType":1,"tag":6,"touchAble":true,"useMergedTexture":false,"visible":true,"width":59,"x":243,"y":277,"capInsetsHeight":60,"capInsetsWidth":60,"capInsetsX":5,"capInsetsY":5,"disabled":null,"disabledData":{"path":"msblock2.png","plistFile":"","resourceType":0},"fontName":"yihei.TTF","fontSize":24,"fontType":0,"normal":null,"normalData":{"path":"msblock.png","plistFile":"","resourceType":0},"pressed":null,"pressedData":{"path":"msblock1.png","plistFile":"","resourceType":0},"scale9Enable":false,"scale9Height":63,"scale9Width":59,"text":"6","textColorB":255,"textColorG":255,"textColorR":255}},{"classname":"Button","name":null,"children":[],"options":{"__type":"ButtonSurrogate:#EditorCommon.JsonModel.Component.GUI","classname":"Button","name":"bt5","ZOrder":1,"actiontag":21193897,"anchorPointX":0.5,"anchorPointY":0.5,"classType":"CocoStudio.EngineAdapterWrap.CSButton","colorB":255,"colorG":255,"colorR":255,"customProperty":"","flipX":false,"flipY":false,"height":63,"ignoreSize":true,"layoutParameter":null,"opacity":255,"positionPercentX":16037.5,"positionPercentY":27700,"positionType":0,"rotation":0,"scaleX":1,"scaleY":1,"sizePercentX":0.240625,"sizePercentY":0.160416663,"sizeType":1,"tag":5,"touchAble":true,"useMergedTexture":false,"visible":true,"width":59,"x":160,"y":277,"capInsetsHeight":60,"capInsetsWidth":60,"capInsetsX":5,"capInsetsY":5,"disabled":null,"disabledData":{"path":"msblock2.png","plistFile":"","resourceType":0},"fontName":"yihei.TTF","fontSize":24,"fontType":0,"normal":null,"normalData":{"path":"msblock.png","plistFile":"","resourceType":0},"pressed":null,"pressedData":{"path":"msblock1.png","plistFile":"","resourceType":0},"scale9Enable":false,"scale9Height":63,"scale9Width":59,"text":"5","textColorB":255,"textColorG":255,"textColorR":255}},{"classname":"Button","name":null,"children":[],"options":{"__type":"ButtonSurrogate:#EditorCommon.JsonModel.Component.GUI","classname":"Button","name":"bt4","ZOrder":1,"actiontag":56527349,"anchorPointX":0.5,"anchorPointY":0.5,"classType":"CocoStudio.EngineAdapterWrap.CSButton","colorB":255,"colorG":255,"colorR":255,"customProperty":"","flipX":false,"flipY":false,"height":63,"ignoreSize":true,"layoutParameter":null,"opacity":255,"positionPercentX":7700,"positionPercentY":27700,"positionType":0,"rotation":0,"scaleX":1,"scaleY":1,"sizePercentX":0.240625,"sizePercentY":0.160416663,"sizeType":1,"tag":4,"touchAble":true,"useMergedTexture":false,"visible":true,"width":59,"x":77,"y":277,"capInsetsHeight":60,"capInsetsWidth":60,"capInsetsX":5,"capInsetsY":5,"disabled":null,"disabledData":{"path":"msblock2.png","plistFile":"","resourceType":0},"fontName":"yihei.TTF","fontSize":24,"fontType":0,"normal":null,"normalData":{"path":"msblock.png","plistFile":"","resourceType":0},"pressed":null,"pressedData":{"path":"msblock1.png","plistFile":"","resourceType":0},"scale9Enable":false,"scale9Height":63,"scale9Width":59,"text":"4","textColorB":255,"textColorG":255,"textColorR":255}},{"classname":"Button","name":null,"children":[],"options":{"__type":"ButtonSurrogate:#EditorCommon.JsonModel.Component.GUI","classname":"Button","name":"bt3","ZOrder":1,"actiontag":22808942,"anchorPointX":0.5,"anchorPointY":0.5,"classType":"CocoStudio.EngineAdapterWrap.CSButton","colorB":255,"colorG":255,"colorR":255,"customProperty":"","flipX":false,"flipY":false,"height":63,"ignoreSize":true,"layoutParameter":null,"opacity":255,"positionPercentX":24300,"positionPercentY":36700,"positionType":0,"rotation":0,"scaleX":1,"scaleY":1,"sizePercentX":0.240625,"sizePercentY":0.160416663,"sizeType":1,"tag":3,"touchAble":true,"useMergedTexture":false,"visible":true,"width":59,"x":243,"y":367,"capInsetsHeight":60,"capInsetsWidth":60,"capInsetsX":5,"capInsetsY":5,"disabled":null,"disabledData":{"path":"msblock2.png","plistFile":"","resourceType":0},"fontName":"yihei.TTF","fontSize":24,"fontType":0,"normal":null,"normalData":{"path":"msblock3.png","plistFile":"","resourceType":0},"pressed":null,"pressedData":{"path":"msblock1.png","plistFile":"","resourceType":0},"scale9Enable":false,"scale9Height":63,"scale9Width":59,"text":"3","textColorB":255,"textColorG":255,"textColorR":255}},{"classname":"Button","name":null,"children":[],"options":{"__type":"ButtonSurrogate:#EditorCommon.JsonModel.Component.GUI","classname":"Button","name":"bt2","ZOrder":1,"actiontag":35585036,"anchorPointX":0.5,"anchorPointY":0.5,"classType":"CocoStudio.EngineAdapterWrap.CSButton","colorB":255,"colorG":255,"colorR":255,"customProperty":"","flipX":false,"flipY":false,"height":63,"ignoreSize":true,"layoutParameter":null,"opacity":255,"positionPercentX":16062.5,"positionPercentY":36700,"positionType":0,"rotation":0,"scaleX":1,"scaleY":1,"sizePercentX":0.240625,"sizePercentY":0.160416663,"sizeType":1,"tag":2,"touchAble":true,"useMergedTexture":false,"visible":true,"width":59,"x":160,"y":367,"capInsetsHeight":60,"capInsetsWidth":60,"capInsetsX":5,"capInsetsY":5,"disabled":null,"disabledData":{"path":"msblock2.png","plistFile":"","resourceType":0},"fontName":"yihei.TTF","fontSize":24,"fontType":0,"normal":null,"normalData":{"path":"msblock.png","plistFile":"","resourceType":0},"pressed":null,"pressedData":{"path":"msblock1.png","plistFile":"","resourceType":0},"scale9Enable":false,"scale9Height":63,"scale9Width":59,"text":"2","textColorB":255,"textColorG":255,"textColorR":255}}],"options":{"__type":"PanelSurrogate:#EditorCommon.JsonModel.Component.GUI","classname":"Panel","name":"p2","ZOrder":1,"actiontag":38286300,"anchorPointX":0,"anchorPointY":0,"classType":"CocoStudio.EngineAdapterWrap.CSPanel","colorB":255,"colorG":255,"colorR":255,"customProperty":"","flipX":false,"flipY":false,"height":0.01,"ignoreSize":false,"layoutParameter":null,"opacity":255,"positionPercentX":0,"positionPercentY":0,"positionType":0,"rotation":0,"scaleX":1,"scaleY":1,"sizePercentX":3.12499978E-05,"sizePercentY":2.08333331E-05,"sizeType":0,"tag":534,"touchAble":true,"useMergedTexture":false,"visible":false,"width":0.01,"x":0,"y":0,"adaptScreen":false,"backGroundImage":null,"backGroundImageData":null,"backGroundScale9Enable":false,"bgColorB":255,"bgColorG":200,"bgColorOpacity":0,"bgColorR":150,"bgEndColorB":255,"bgEndColorG":200,"bgEndColorR":150,"bgStartColorB":255,"bgStartColorG":255,"bgStartColorR":255,"capInsetsHeight":1,"capInsetsWidth":1,"capInsetsX":0,"capInsetsY":0,"clipAble":false,"colorType":1,"layoutType":0,"vectorX":0,"vectorY":-0.5}},{"classname":"Panel","name":null,"children":[{"classname":"Label","name":null,"children":[],"options":{"__type":"LabelSurrogate:#EditorCommon.JsonModel.Component.GUI","classname":"Label","name":"lb12","ZOrder":2,"actiontag":60407069,"anchorPointX":0,"anchorPointY":0.5,"classType":"CocoStudio.EngineAdapterWrap.CSLabel","colorB":0,"colorG":0,"colorR":139,"customProperty":"","flipX":false,"flipY":false,"height":12,"ignoreSize":true,"layoutParameter":null,"opacity":255,"positionPercentX":23600,"positionPercentY":7700,"positionType":0,"rotation":0,"scaleX":1,"scaleY":1,"sizePercentX":2400,"sizePercentY":1200,"sizeType":0,"tag":685,"touchAble":false,"useMergedTexture":false,"visible":true,"width":24,"x":236,"y":77,"areaHeight":0,"areaWidth":0,"fontFile":null,"fontName":"MyriadPro Regular.ttf","fontSize":12,"hAlignment":0,"text":"5711","touchScaleEnable":false,"vAlignment":0}},{"classname":"Label","name":null,"children":[],"options":{"__type":"LabelSurrogate:#EditorCommon.JsonModel.Component.GUI","classname":"Label","name":"lb11","ZOrder":2,"actiontag":60518703,"anchorPointX":0,"anchorPointY":0.5,"classType":"CocoStudio.EngineAdapterWrap.CSLabel","colorB":0,"colorG":0,"colorR":139,"customProperty":"","flipX":false,"flipY":false,"height":12,"ignoreSize":true,"layoutParameter":null,"opacity":255,"positionPercentX":15200,"positionPercentY":7700,"positionType":0,"rotation":0,"scaleX":1,"scaleY":1,"sizePercentX":2400,"sizePercentY":1200,"sizeType":0,"tag":686,"touchAble":false,"useMergedTexture":false,"visible":true,"width":24,"x":152,"y":77,"areaHeight":0,"areaWidth":0,"fontFile":null,"fontName":"MyriadPro Regular.ttf","fontSize":12,"hAlignment":0,"text":"5711","touchScaleEnable":false,"vAlignment":0}},{"classname":"Label","name":null,"children":[],"options":{"__type":"LabelSurrogate:#EditorCommon.JsonModel.Component.GUI","classname":"Label","name":"lb10","ZOrder":2,"actiontag":7797417,"anchorPointX":0,"anchorPointY":0.5,"classType":"CocoStudio.EngineAdapterWrap.CSLabel","colorB":0,"colorG":0,"colorR":139,"customProperty":"","flipX":false,"flipY":false,"height":12,"ignoreSize":true,"layoutParameter":null,"opacity":255,"positionPercentX":7000,"positionPercentY":7700,"positionType":0,"rotation":0,"scaleX":1,"scaleY":1,"sizePercentX":2400,"sizePercentY":1200,"sizeType":0,"tag":687,"touchAble":false,"useMergedTexture":false,"visible":true,"width":24,"x":70,"y":77,"areaHeight":0,"areaWidth":0,"fontFile":null,"fontName":"MyriadPro Regular.ttf","fontSize":12,"hAlignment":0,"text":"5711","touchScaleEnable":false,"vAlignment":0}},{"classname":"Label","name":null,"children":[],"options":{"__type":"LabelSurrogate:#EditorCommon.JsonModel.Component.GUI","classname":"Label","name":"lb8","ZOrder":2,"actiontag":3067891,"anchorPointX":0,"anchorPointY":0.5,"classType":"CocoStudio.EngineAdapterWrap.CSLabel","colorB":0,"colorG":0,"colorR":139,"customProperty":"","flipX":false,"flipY":false,"height":12,"ignoreSize":true,"layoutParameter":null,"opacity":255,"positionPercentX":15200,"positionPercentY":16700,"positionType":0,"rotation":0,"scaleX":1,"scaleY":1,"sizePercentX":2400,"sizePercentY":1200,"sizeType":0,"tag":688,"touchAble":false,"useMergedTexture":false,"visible":true,"width":24,"x":152,"y":167,"areaHeight":0,"areaWidth":0,"fontFile":null,"fontName":"MyriadPro Regular.ttf","fontSize":12,"hAlignment":0,"text":"5711","touchScaleEnable":false,"vAlignment":0}},{"classname":"Label","name":null,"children":[],"options":{"__type":"LabelSurrogate:#EditorCommon.JsonModel.Component.GUI","classname":"Label","name":"lb7","ZOrder":2,"actiontag":27611022,"anchorPointX":0,"anchorPointY":0.5,"classType":"CocoStudio.EngineAdapterWrap.CSLabel","colorB":0,"colorG":0,"colorR":139,"customProperty":"","flipX":false,"flipY":false,"height":12,"ignoreSize":true,"layoutParameter":null,"opacity":255,"positionPercentX":7000,"positionPercentY":16700,"positionType":0,"rotation":0,"scaleX":1,"scaleY":1,"sizePercentX":2400,"sizePercentY":1200,"sizeType":0,"tag":689,"touchAble":false,"useMergedTexture":false,"visible":true,"width":24,"x":70,"y":167,"areaHeight":0,"areaWidth":0,"fontFile":null,"fontName":"MyriadPro Regular.ttf","fontSize":12,"hAlignment":0,"text":"5711","touchScaleEnable":false,"vAlignment":0}},{"classname":"Label","name":null,"children":[],"options":{"__type":"LabelSurrogate:#EditorCommon.JsonModel.Component.GUI","classname":"Label","name":"lb6","ZOrder":2,"actiontag":47172612,"anchorPointX":0,"anchorPointY":0.5,"classType":"CocoStudio.EngineAdapterWrap.CSLabel","colorB":0,"colorG":0,"colorR":139,"customProperty":"","flipX":false,"flipY":false,"height":12,"ignoreSize":true,"layoutParameter":null,"opacity":255,"positionPercentX":23600,"positionPercentY":25700,"positionType":0,"rotation":0,"scaleX":1,"scaleY":1,"sizePercentX":2400,"sizePercentY":1200,"sizeType":0,"tag":690,"touchAble":false,"useMergedTexture":false,"visible":true,"width":24,"x":236,"y":257,"areaHeight":0,"areaWidth":0,"fontFile":null,"fontName":"MyriadPro Regular.ttf","fontSize":12,"hAlignment":0,"text":"5711","touchScaleEnable":false,"vAlignment":0}},{"classname":"Label","name":null,"children":[],"options":{"__type":"LabelSurrogate:#EditorCommon.JsonModel.Component.GUI","classname":"Label","name":"lb5","ZOrder":2,"actiontag":21900324,"anchorPointX":0,"anchorPointY":0.5,"classType":"CocoStudio.EngineAdapterWrap.CSLabel","colorB":0,"colorG":0,"colorR":139,"customProperty":"","flipX":false,"flipY":false,"height":12,"ignoreSize":true,"layoutParameter":null,"opacity":255,"positionPercentX":15200,"positionPercentY":25700,"positionType":0,"rotation":0,"scaleX":1,"scaleY":1,"sizePercentX":2400,"sizePercentY":1200,"sizeType":0,"tag":691,"touchAble":false,"useMergedTexture":false,"visible":true,"width":24,"x":152,"y":257,"areaHeight":0,"areaWidth":0,"fontFile":null,"fontName":"MyriadPro Regular.ttf","fontSize":12,"hAlignment":0,"text":"5711","touchScaleEnable":false,"vAlignment":0}},{"classname":"Label","name":null,"children":[],"options":{"__type":"LabelSurrogate:#EditorCommon.JsonModel.Component.GUI","classname":"Label","name":"lb4","ZOrder":2,"actiontag":62885193,"anchorPointX":0,"anchorPointY":0.5,"classType":"CocoStudio.EngineAdapterWrap.CSLabel","colorB":0,"colorG":0,"colorR":139,"customProperty":"","flipX":false,"flipY":false,"height":12,"ignoreSize":true,"layoutParameter":null,"opacity":255,"positionPercentX":7000,"positionPercentY":25700,"positionType":0,"rotation":0,"scaleX":1,"scaleY":1,"sizePercentX":2400,"sizePercentY":1200,"sizeType":0,"tag":692,"touchAble":false,"useMergedTexture":false,"visible":true,"width":24,"x":70,"y":257,"areaHeight":0,"areaWidth":0,"fontFile":null,"fontName":"MyriadPro Regular.ttf","fontSize":12,"hAlignment":0,"text":"5711","touchScaleEnable":false,"vAlignment":0}},{"classname":"Label","name":null,"children":[],"options":{"__type":"LabelSurrogate:#EditorCommon.JsonModel.Component.GUI","classname":"Label","name":"lb2","ZOrder":2,"actiontag":29095826,"anchorPointX":0,"anchorPointY":0.5,"classType":"CocoStudio.EngineAdapterWrap.CSLabel","colorB":0,"colorG":0,"colorR":139,"customProperty":"","flipX":false,"flipY":false,"height":12,"ignoreSize":true,"layoutParameter":null,"opacity":255,"positionPercentX":15200,"positionPercentY":34700,"positionType":0,"rotation":0,"scaleX":1,"scaleY":1,"sizePercentX":2400,"sizePercentY":1200,"sizeType":0,"tag":693,"touchAble":false,"useMergedTexture":false,"visible":true,"width":24,"x":152,"y":347,"areaHeight":0,"areaWidth":0,"fontFile":null,"fontName":"MyriadPro Regular.ttf","fontSize":12,"hAlignment":0,"text":"5711","touchScaleEnable":false,"vAlignment":0}},{"classname":"Label","name":null,"children":[],"options":{"__type":"LabelSurrogate:#EditorCommon.JsonModel.Component.GUI","classname":"Label","name":"lb3","ZOrder":2,"actiontag":60535850,"anchorPointX":0,"anchorPointY":0.5,"classType":"CocoStudio.EngineAdapterWrap.CSLabel","colorB":0,"colorG":0,"colorR":139,"customProperty":"","flipX":false,"flipY":false,"height":12,"ignoreSize":true,"layoutParameter":null,"opacity":255,"positionPercentX":23600,"positionPercentY":34700,"positionType":0,"rotation":0,"scaleX":1,"scaleY":1,"sizePercentX":1200,"sizePercentY":1200,"sizeType":0,"tag":694,"touchAble":false,"useMergedTexture":false,"visible":true,"width":12,"x":236,"y":347,"areaHeight":0,"areaWidth":0,"fontFile":null,"fontName":"MyriadPro Regular.ttf","fontSize":12,"hAlignment":0,"text":"88","touchScaleEnable":false,"vAlignment":0}},{"classname":"Label","name":null,"children":[],"options":{"__type":"LabelSurrogate:#EditorCommon.JsonModel.Component.GUI","classname":"Label","name":"lb9","ZOrder":2,"actiontag":7951745,"anchorPointX":0,"anchorPointY":0.5,"classType":"CocoStudio.EngineAdapterWrap.CSLabel","colorB":0,"colorG":0,"colorR":139,"customProperty":"","flipX":false,"flipY":false,"height":12,"ignoreSize":true,"layoutParameter":null,"opacity":255,"positionPercentX":23600,"positionPercentY":16700,"positionType":0,"rotation":0,"scaleX":1,"scaleY":1,"sizePercentX":2400,"sizePercentY":1200,"sizeType":0,"tag":695,"touchAble":false,"useMergedTexture":false,"visible":true,"width":24,"x":236,"y":167,"areaHeight":0,"areaWidth":0,"fontFile":null,"fontName":"MyriadPro Regular.ttf","fontSize":12,"hAlignment":0,"text":"5711","touchScaleEnable":false,"vAlignment":0}},{"classname":"Label","name":null,"children":[],"options":{"__type":"LabelSurrogate:#EditorCommon.JsonModel.Component.GUI","classname":"Label","name":"lb1","ZOrder":2,"actiontag":4456849,"anchorPointX":0,"anchorPointY":0.5,"classType":"CocoStudio.EngineAdapterWrap.CSLabel","colorB":0,"colorG":0,"colorR":139,"customProperty":"","flipX":false,"flipY":false,"height":12,"ignoreSize":true,"layoutParameter":null,"opacity":255,"positionPercentX":7000.001,"positionPercentY":34700,"positionType":0,"rotation":0,"scaleX":1,"scaleY":1,"sizePercentX":2400,"sizePercentY":1200,"sizeType":0,"tag":696,"touchAble":false,"useMergedTexture":false,"visible":true,"width":24,"x":70,"y":347,"areaHeight":0,"areaWidth":0,"fontFile":null,"fontName":"MyriadPro Regular.ttf","fontSize":12,"hAlignment":0,"text":"5711","touchScaleEnable":false,"vAlignment":0}},{"classname":"Button","name":null,"children":[],"options":{"__type":"ButtonSurrogate:#EditorCommon.JsonModel.Component.GUI","classname":"Button","name":"bt1","ZOrder":1,"actiontag":40111641,"anchorPointX":0.5,"anchorPointY":0.5,"classType":"CocoStudio.EngineAdapterWrap.CSButton","colorB":255,"colorG":255,"colorR":255,"customProperty":"","flipX":false,"flipY":false,"height":63,"ignoreSize":true,"layoutParameter":null,"opacity":255,"positionPercentX":7700,"positionPercentY":36700,"positionType":0,"rotation":0,"scaleX":1,"scaleY":1,"sizePercentX":0.240625,"sizePercentY":0.160416663,"sizeType":1,"tag":1,"touchAble":true,"useMergedTexture":false,"visible":true,"width":59,"x":77,"y":367,"capInsetsHeight":60,"capInsetsWidth":60,"capInsetsX":5,"capInsetsY":5,"disabled":null,"disabledData":{"path":"msblock2.png","plistFile":"","resourceType":0},"fontName":"yihei.TTF","fontSize":24,"fontType":0,"normal":null,"normalData":{"path":"msblock.png","plistFile":"","resourceType":0},"pressed":null,"pressedData":{"path":"msblock1.png","plistFile":"","resourceType":0},"scale9Enable":false,"scale9Height":63,"scale9Width":59,"text":"1","textColorB":255,"textColorG":255,"textColorR":255}},{"classname":"Button","name":null,"children":[],"options":{"__type":"ButtonSurrogate:#EditorCommon.JsonModel.Component.GUI","classname":"Button","name":"bt12","ZOrder":1,"actiontag":25460451,"anchorPointX":0.5,"anchorPointY":0.5,"classType":"CocoStudio.EngineAdapterWrap.CSButton","colorB":255,"colorG":255,"colorR":255,"customProperty":"","flipX":false,"flipY":false,"height":63,"ignoreSize":true,"layoutParameter":null,"opacity":255,"positionPercentX":24300,"positionPercentY":9700,"positionType":0,"rotation":0,"scaleX":1,"scaleY":1,"sizePercentX":0.240625,"sizePercentY":0.160416663,"sizeType":1,"tag":12,"touchAble":true,"useMergedTexture":false,"visible":true,"width":59,"x":243,"y":97,"capInsetsHeight":60,"capInsetsWidth":60,"capInsetsX":5,"capInsetsY":5,"disabled":null,"disabledData":{"path":"msblock2.png","plistFile":"","resourceType":0},"fontName":"yihei.TTF","fontSize":24,"fontType":0,"normal":null,"normalData":{"path":"msblock.png","plistFile":"","resourceType":0},"pressed":null,"pressedData":{"path":"msblock1.png","plistFile":"","resourceType":0},"scale9Enable":false,"scale9Height":63,"scale9Width":59,"text":"12","textColorB":255,"textColorG":255,"textColorR":255}},{"classname":"Button","name":null,"children":[],"options":{"__type":"ButtonSurrogate:#EditorCommon.JsonModel.Component.GUI","classname":"Button","name":"bt11","ZOrder":1,"actiontag":27817473,"anchorPointX":0.5,"anchorPointY":0.5,"classType":"CocoStudio.EngineAdapterWrap.CSButton","colorB":255,"colorG":255,"colorR":255,"customProperty":"","flipX":false,"flipY":false,"height":63,"ignoreSize":true,"layoutParameter":null,"opacity":255,"positionPercentX":16000,"positionPercentY":9700,"positionType":0,"rotation":0,"scaleX":1,"scaleY":1,"sizePercentX":0.240625,"sizePercentY":0.160416663,"sizeType":1,"tag":11,"touchAble":true,"useMergedTexture":false,"visible":true,"width":59,"x":160,"y":97,"capInsetsHeight":60,"capInsetsWidth":60,"capInsetsX":5,"capInsetsY":5,"disabled":null,"disabledData":{"path":"msblock2.png","plistFile":"","resourceType":0},"fontName":"yihei.TTF","fontSize":24,"fontType":0,"normal":null,"normalData":{"path":"msblock.png","plistFile":"","resourceType":0},"pressed":null,"pressedData":{"path":"msblock1.png","plistFile":"","resourceType":0},"scale9Enable":false,"scale9Height":63,"scale9Width":59,"text":"11","textColorB":255,"textColorG":255,"textColorR":255}},{"classname":"Button","name":null,"children":[],"options":{"__type":"ButtonSurrogate:#EditorCommon.JsonModel.Component.GUI","classname":"Button","name":"bt10","ZOrder":1,"actiontag":49030666,"anchorPointX":0.5,"anchorPointY":0.5,"classType":"CocoStudio.EngineAdapterWrap.CSButton","colorB":255,"colorG":255,"colorR":255,"customProperty":"","flipX":false,"flipY":false,"height":63,"ignoreSize":true,"layoutParameter":null,"opacity":255,"positionPercentX":7700,"positionPercentY":9700,"positionType":0,"rotation":0,"scaleX":1,"scaleY":1,"sizePercentX":0.240625,"sizePercentY":0.160416663,"sizeType":1,"tag":10,"touchAble":true,"useMergedTexture":false,"visible":true,"width":59,"x":77,"y":97,"capInsetsHeight":60,"capInsetsWidth":60,"capInsetsX":5,"capInsetsY":5,"disabled":null,"disabledData":{"path":"msblock2.png","plistFile":"","resourceType":0},"fontName":"yihei.TTF","fontSize":24,"fontType":0,"normal":null,"normalData":{"path":"msblock.png","plistFile":"","resourceType":0},"pressed":null,"pressedData":{"path":"msblock1.png","plistFile":"","resourceType":0},"scale9Enable":false,"scale9Height":63,"scale9Width":59,"text":"10","textColorB":255,"textColorG":255,"textColorR":255}},{"classname":"Button","name":null,"children":[],"options":{"__type":"ButtonSurrogate:#EditorCommon.JsonModel.Component.GUI","classname":"Button","name":"bt9","ZOrder":1,"actiontag":38622817,"anchorPointX":0.5,"anchorPointY":0.5,"classType":"CocoStudio.EngineAdapterWrap.CSButton","colorB":255,"colorG":255,"colorR":255,"customProperty":"","flipX":false,"flipY":false,"height":63,"ignoreSize":true,"layoutParameter":null,"opacity":255,"positionPercentX":24300,"positionPercentY":18700,"positionType":0,"rotation":0,"scaleX":1,"scaleY":1,"sizePercentX":0.240625,"sizePercentY":0.160416663,"sizeType":1,"tag":9,"touchAble":true,"useMergedTexture":false,"visible":true,"width":59,"x":243,"y":187,"capInsetsHeight":60,"capInsetsWidth":60,"capInsetsX":5,"capInsetsY":5,"disabled":null,"disabledData":{"path":"msblock2.png","plistFile":"","resourceType":0},"fontName":"yihei.TTF","fontSize":24,"fontType":0,"normal":null,"normalData":{"path":"msblock.png","plistFile":"","resourceType":0},"pressed":null,"pressedData":{"path":"msblock1.png","plistFile":"","resourceType":0},"scale9Enable":false,"scale9Height":63,"scale9Width":59,"text":"9","textColorB":255,"textColorG":255,"textColorR":255}},{"classname":"Button","name":null,"children":[],"options":{"__type":"ButtonSurrogate:#EditorCommon.JsonModel.Component.GUI","classname":"Button","name":"bt8","ZOrder":1,"actiontag":12061038,"anchorPointX":0.5,"anchorPointY":0.5,"classType":"CocoStudio.EngineAdapterWrap.CSButton","colorB":255,"colorG":255,"colorR":255,"customProperty":"","flipX":false,"flipY":false,"height":63,"ignoreSize":true,"layoutParameter":null,"opacity":255,"positionPercentX":16000,"positionPercentY":18700,"positionType":0,"rotation":0,"scaleX":1,"scaleY":1,"sizePercentX":0.240625,"sizePercentY":0.160416663,"sizeType":1,"tag":8,"touchAble":true,"useMergedTexture":false,"visible":true,"width":59,"x":160,"y":187,"capInsetsHeight":60,"capInsetsWidth":60,"capInsetsX":5,"capInsetsY":5,"disabled":null,"disabledData":{"path":"msblock2.png","plistFile":"","resourceType":0},"fontName":"yihei.TTF","fontSize":24,"fontType":0,"normal":null,"normalData":{"path":"msblock.png","plistFile":"","resourceType":0},"pressed":null,"pressedData":{"path":"msblock1.png","plistFile":"","resourceType":0},"scale9Enable":false,"scale9Height":63,"scale9Width":59,"text":"8","textColorB":255,"textColorG":255,"textColorR":255}},{"classname":"Button","name":null,"children":[],"options":{"__type":"ButtonSurrogate:#EditorCommon.JsonModel.Component.GUI","classname":"Button","name":"bt7","ZOrder":1,"actiontag":41440482,"anchorPointX":0.5,"anchorPointY":0.5,"classType":"CocoStudio.EngineAdapterWrap.CSButton","colorB":255,"colorG":255,"colorR":255,"customProperty":"","flipX":false,"flipY":false,"height":63,"ignoreSize":true,"layoutParameter":null,"opacity":255,"positionPercentX":7700,"positionPercentY":18700,"positionType":0,"rotation":0,"scaleX":1,"scaleY":1,"sizePercentX":0.240625,"sizePercentY":0.160416663,"sizeType":1,"tag":7,"touchAble":true,"useMergedTexture":false,"visible":true,"width":59,"x":77,"y":187,"capInsetsHeight":60,"capInsetsWidth":60,"capInsetsX":5,"capInsetsY":5,"disabled":null,"disabledData":{"path":"msblock2.png","plistFile":"","resourceType":0},"fontName":"yihei.TTF","fontSize":24,"fontType":0,"normal":null,"normalData":{"path":"msblock.png","plistFile":"","resourceType":0},"pressed":null,"pressedData":{"path":"msblock1.png","plistFile":"","resourceType":0},"scale9Enable":false,"scale9Height":63,"scale9Width":59,"text":"7","textColorB":255,"textColorG":255,"textColorR":255}},{"classname":"Button","name":null,"children":[],"options":{"__type":"ButtonSurrogate:#EditorCommon.JsonModel.Component.GUI","classname":"Button","name":"bt6","ZOrder":1,"actiontag":37420022,"anchorPointX":0.5,"anchorPointY":0.5,"classType":"CocoStudio.EngineAdapterWrap.CSButton","colorB":255,"colorG":255,"colorR":255,"customProperty":"","flipX":false,"flipY":false,"height":63,"ignoreSize":true,"layoutParameter":null,"opacity":255,"positionPercentX":24362.5,"positionPercentY":27700,"positionType":0,"rotation":0,"scaleX":1,"scaleY":1,"sizePercentX":0.240625,"sizePercentY":0.160416663,"sizeType":1,"tag":6,"touchAble":true,"useMergedTexture":false,"visible":true,"width":59,"x":243,"y":277,"capInsetsHeight":60,"capInsetsWidth":60,"capInsetsX":5,"capInsetsY":5,"disabled":null,"disabledData":{"path":"msblock2.png","plistFile":"","resourceType":0},"fontName":"yihei.TTF","fontSize":24,"fontType":0,"normal":null,"normalData":{"path":"msblock.png","plistFile":"","resourceType":0},"pressed":null,"pressedData":{"path":"msblock1.png","plistFile":"","resourceType":0},"scale9Enable":false,"scale9Height":63,"scale9Width":59,"text":"6","textColorB":255,"textColorG":255,"textColorR":255}},{"classname":"Button","name":null,"children":[],"options":{"__type":"ButtonSurrogate:#EditorCommon.JsonModel.Component.GUI","classname":"Button","name":"bt5","ZOrder":1,"actiontag":1235883,"anchorPointX":0.5,"anchorPointY":0.5,"classType":"CocoStudio.EngineAdapterWrap.CSButton","colorB":255,"colorG":255,"colorR":255,"customProperty":"","flipX":false,"flipY":false,"height":63,"ignoreSize":true,"layoutParameter":null,"opacity":255,"positionPercentX":16037.5,"positionPercentY":27700,"positionType":0,"rotation":0,"scaleX":1,"scaleY":1,"sizePercentX":0.240625,"sizePercentY":0.160416663,"sizeType":1,"tag":5,"touchAble":true,"useMergedTexture":false,"visible":true,"width":59,"x":160,"y":277,"capInsetsHeight":60,"capInsetsWidth":60,"capInsetsX":5,"capInsetsY":5,"disabled":null,"disabledData":{"path":"msblock2.png","plistFile":"","resourceType":0},"fontName":"yihei.TTF","fontSize":24,"fontType":0,"normal":null,"normalData":{"path":"msblock.png","plistFile":"","resourceType":0},"pressed":null,"pressedData":{"path":"msblock1.png","plistFile":"","resourceType":0},"scale9Enable":false,"scale9Height":63,"scale9Width":59,"text":"5","textColorB":255,"textColorG":255,"textColorR":255}},{"classname":"Button","name":null,"children":[],"options":{"__type":"ButtonSurrogate:#EditorCommon.JsonModel.Component.GUI","classname":"Button","name":"bt4","ZOrder":1,"actiontag":11122955,"anchorPointX":0.5,"anchorPointY":0.5,"classType":"CocoStudio.EngineAdapterWrap.CSButton","colorB":255,"colorG":255,"colorR":255,"customProperty":"","flipX":false,"flipY":false,"height":63,"ignoreSize":true,"layoutParameter":null,"opacity":255,"positionPercentX":7700,"positionPercentY":27700,"positionType":0,"rotation":0,"scaleX":1,"scaleY":1,"sizePercentX":0.240625,"sizePercentY":0.160416663,"sizeType":1,"tag":4,"touchAble":true,"useMergedTexture":false,"visible":true,"width":59,"x":77,"y":277,"capInsetsHeight":60,"capInsetsWidth":60,"capInsetsX":5,"capInsetsY":5,"disabled":null,"disabledData":{"path":"msblock2.png","plistFile":"","resourceType":0},"fontName":"yihei.TTF","fontSize":24,"fontType":0,"normal":null,"normalData":{"path":"msblock.png","plistFile":"","resourceType":0},"pressed":null,"pressedData":{"path":"msblock1.png","plistFile":"","resourceType":0},"scale9Enable":false,"scale9Height":63,"scale9Width":59,"text":"4","textColorB":255,"textColorG":255,"textColorR":255}},{"classname":"Button","name":null,"children":[],"options":{"__type":"ButtonSurrogate:#EditorCommon.JsonModel.Component.GUI","classname":"Button","name":"bt3","ZOrder":1,"actiontag":32997733,"anchorPointX":0.5,"anchorPointY":0.5,"classType":"CocoStudio.EngineAdapterWrap.CSButton","colorB":255,"colorG":255,"colorR":255,"customProperty":"","flipX":false,"flipY":false,"height":63,"ignoreSize":true,"layoutParameter":null,"opacity":255,"positionPercentX":24300,"positionPercentY":36700,"positionType":0,"rotation":0,"scaleX":1,"scaleY":1,"sizePercentX":0.240625,"sizePercentY":0.160416663,"sizeType":1,"tag":3,"touchAble":true,"useMergedTexture":false,"visible":true,"width":59,"x":243,"y":367,"capInsetsHeight":60,"capInsetsWidth":60,"capInsetsX":5,"capInsetsY":5,"disabled":null,"disabledData":{"path":"msblock2.png","plistFile":"","resourceType":0},"fontName":"yihei.TTF","fontSize":24,"fontType":0,"normal":null,"normalData":{"path":"msblock3.png","plistFile":"","resourceType":0},"pressed":null,"pressedData":{"path":"msblock1.png","plistFile":"","resourceType":0},"scale9Enable":false,"scale9Height":63,"scale9Width":59,"text":"3","textColorB":255,"textColorG":255,"textColorR":255}},{"classname":"Button","name":null,"children":[],"options":{"__type":"ButtonSurrogate:#EditorCommon.JsonModel.Component.GUI","classname":"Button","name":"bt2","ZOrder":1,"actiontag":28544148,"anchorPointX":0.5,"anchorPointY":0.5,"classType":"CocoStudio.EngineAdapterWrap.CSButton","colorB":255,"colorG":255,"colorR":255,"customProperty":"","flipX":false,"flipY":false,"height":63,"ignoreSize":true,"layoutParameter":null,"opacity":255,"positionPercentX":16062.5,"positionPercentY":36700,"positionType":0,"rotation":0,"scaleX":1,"scaleY":1,"sizePercentX":0.240625,"sizePercentY":0.160416663,"sizeType":1,"tag":2,"touchAble":true,"useMergedTexture":false,"visible":true,"width":59,"x":160,"y":367,"capInsetsHeight":60,"capInsetsWidth":60,"capInsetsX":5,"capInsetsY":5,"disabled":null,"disabledData":{"path":"msblock2.png","plistFile":"","resourceType":0},"fontName":"yihei.TTF","fontSize":24,"fontType":0,"normal":null,"normalData":{"path":"msblock.png","plistFile":"","resourceType":0},"pressed":null,"pressedData":{"path":"msblock1.png","plistFile":"","resourceType":0},"scale9Enable":false,"scale9Height":63,"scale9Width":59,"text":"2","textColorB":255,"textColorG":255,"textColorR":255}}],"options":{"__type":"PanelSurrogate:#EditorCommon.JsonModel.Component.GUI","classname":"Panel","name":"p1","ZOrder":1,"actiontag":5281681,"anchorPointX":0,"anchorPointY":0,"classType":"CocoStudio.EngineAdapterWrap.CSPanel","colorB":255,"colorG":255,"colorR":255,"customProperty":"","flipX":false,"flipY":false,"height":0.01,"ignoreSize":false,"layoutParameter":null,"opacity":255,"positionPercentX":5.260675E-09,"positionPercentY":-8.609932E-09,"positionType":0,"rotation":0,"scaleX":1,"scaleY":1,"sizePercentX":3.12499978E-05,"sizePercentY":2.08333331E-05,"sizeType":0,"tag":684,"touchAble":true,"useMergedTexture":false,"visible":true,"width":0.01,"x":0,"y":0,"adaptScreen":false,"backGroundImage":null,"backGroundImageData":null,"backGroundScale9Enable":false,"bgColorB":255,"bgColorG":200,"bgColorOpacity":0,"bgColorR":150,"bgEndColorB":255,"bgEndColorG":200,"bgEndColorR":150,"bgStartColorB":255,"bgStartColorG":255,"bgStartColorR":255,"capInsetsHeight":1,"capInsetsWidth":1,"capInsetsX":0,"capInsetsY":0,"clipAble":false,"colorType":1,"layoutType":0,"vectorX":0,"vectorY":-0.5}}],"options":{"__type":"PanelSurrogate:#EditorCommon.JsonModel.Component.GUI","classname":"Panel","name":"Panel_14","ZOrder":0,"actiontag":-1,"anchorPointX":0,"anchorPointY":0,"classType":"CocoStudio.EngineAdapterWrap.CSPanel","colorB":255,"colorG":255,"colorR":255,"customProperty":"","flipX":false,"flipY":false,"height":480,"ignoreSize":false,"layoutParameter":null,"opacity":255,"positionPercentX":0,"positionPercentY":0,"positionType":0,"rotation":0,"scaleX":1,"scaleY":1,"sizePercentX":1,"sizePercentY":1,"sizeType":0,"tag":1,"touchAble":true,"useMergedTexture":false,"visible":true,"width":320,"x":0,"y":0,"adaptScreen":true,"backGroundImage":null,"backGroundImageData":null,"backGroundScale9Enable":false,"bgColorB":255,"bgColorG":200,"bgColorOpacity":0,"bgColorR":150,"bgEndColorB":255,"bgEndColorG":200,"bgEndColorR":150,"bgStartColorB":255,"bgStartColorG":255,"bgStartColorR":255,"capInsetsHeight":1,"capInsetsWidth":1,"capInsetsX":0,"capInsetsY":0,"clipAble":false,"colorType":1,"layoutType":0,"vectorX":0,"vectorY":-0.5}}}